Language,Topic,Consistency,Entropy,Count,Topic_Empty_Rate
Native (Spanish),0,0.8080797160700216,2.4890772259934253,5369,0.0
Native (Spanish),1,0.808594523678998,1.3197461312921952,4247,0.0
Native (Spanish),2,0.8456942049022823,2.48108269509182,5571,0.0
Native (Spanish),3,0.7873610333812096,2.3481702051274818,3361,0.0
Native (Spanish),4,0.776985302603574,2.0539935006141166,3480,0.0
Native (Spanish),5,0.8128927799102798,1.7766885441914564,3613,0.0
Native (Spanish),6,0.8125838057090483,2.406592441883749,2568,0.0
Native (Spanish),7,0.7776064838570906,2.025686208530544,2505,0.0
Native (Spanish),8,0.8805036347591323,2.2013731758245236,2546,0.0
Native (Spanish),9,0.7892184745690465,2.1663887634673697,2150,0.0
Native (Spanish),10,0.8662055575001887,1.7550564066830712,2403,0.0
Native (Spanish),11,0.7703171139849871,2.3469815062426567,1805,0.0
Native (Spanish),12,0.7723483292425433,2.1355082701195656,1788,0.0
Native (Spanish),13,0.8741979123790782,1.9721475047201187,2546,0.0
Native (Spanish),14,0.8303122812391206,2.4471522228819813,1929,0.0
Native (Spanish),15,0.8363903345149541,1.9044591092276169,1699,0.0
Native (Spanish),16,0.9424745830462365,0.8947741807114703,1803,0.0
Native (Spanish),17,0.8433143505027644,2.629238229936645,2784,0.0
Native (Spanish),18,0.9474144480494939,1.394457734757513,2327,0.0
Native (Spanish),19,0.8114107253832036,2.211094581592423,2513,0.0
Native (Spanish),20,0.828144197450453,2.729695638659715,1533,0.0
Native (Spanish),21,0.896667407769893,1.9372151682881742,2806,0.0
Native (Spanish),22,0.7758657415094365,2.0221527670514625,1606,0.0
Native (Spanish),23,0.8321578984499628,1.876288429816539,2419,0.0
Native (Spanish),24,0.904377414102264,1.5904174288257833,1811,0.0
Native (Spanish),25,0.8752925902272222,1.8254748465419608,4305,0.0
Native (Spanish),26,0.802206348836574,1.8729995999407727,3102,0.0
Native (Spanish),27,0.9165764907567263,1.0922028312778118,1543,0.0
Native (Spanish),28,0.8295713708865661,1.8549377153423632,1640,0.0
Native (Spanish),29,0.8140155611848999,1.4580764962359907,2843,0.0
Native (Spanish),30,0.8315879406025919,2.727663641103402,1403,0.0
Native (Spanish),31,0.9086518293692956,1.9270092796816525,1515,0.0
Native (Spanish),32,0.8576072768547035,1.928380265024182,1200,0.0
Native (Spanish),33,0.8934701078674482,1.7950371129854656,1790,0.0
Native (Spanish),34,0.7824378175756919,2.222733719307971,1167,0.0
Native (Spanish),35,0.7370655844229796,1.95528636184992,1347,0.0
Native (Spanish),36,0.812067537209206,1.745303136523856,1325,0.0
Native (Spanish),37,0.9025719158486274,1.3763724077055506,1500,0.0
Native (Spanish),38,0.8096455193404595,2.5584108116423177,1205,0.0
Native (Spanish),39,0.8168346169625161,2.4400710564940242,1136,0.0
Native (Spanish),40,0.902571013161763,1.967433940511248,1602,0.0
Native (Spanish),41,0.9098390851589456,1.6250651615271177,964,0.0
Native (Spanish),42,0.8520419654490792,2.516343576834679,988,0.0
Native (Spanish),43,0.848268041635795,2.084335399506012,868,0.0
Native (Spanish),44,0.8064826195638971,2.18340114056347,1309,0.0
Native (Spanish),45,0.9268441839866614,1.9173978546679613,1045,0.0
Native (Spanish),46,0.8358539222040493,2.004435345045687,880,0.0
Native (Spanish),47,0.8739925972769794,2.1974474459569038,914,0.0
Native (Spanish),48,0.8321537432472905,2.3047931468078073,787,0.0
Native (Spanish),49,0.8413985830898002,2.3623980490636147,942,0.0
Native (Spanish),50,0.8504848303763851,1.5451466504077593,1131,0.0
Native (Spanish),51,0.834186499987787,1.709440644312703,742,0.0
Native (Spanish),52,0.8735385096669148,1.6827002793553527,1577,0.0
Native (Spanish),53,0.9193907611880769,1.8178113430139484,1107,0.0
Native (Spanish),54,0.8198481498773688,1.7959403083780532,752,0.0
Native (Spanish),55,0.8868841039419679,1.880377299992146,902,0.0
Native (Spanish),56,0.998383001638219,4.740762774967464,997,0.0
Native (Spanish),57,0.9296892678010141,1.8949307372848192,1176,0.0
Native (Spanish),58,0.7720255870774724,2.0610221566914566,939,0.0
Native (Spanish),59,0.8327850853933373,2.1005654711228288,967,0.0
Native (Spanish),60,0.8967549415858193,2.034006508048371,687,0.0
Native (Spanish),61,0.8553644942758762,1.7877461761198357,1213,0.0
Native (Spanish),62,0.8737431933135825,2.1978748205180643,783,0.0
Native (Spanish),63,0.8126222053625751,2.449878041748321,688,0.0
Native (Spanish),64,0.9495883698775575,1.4010100351795804,1342,0.0
Native (Spanish),65,0.8543907864328332,1.4926810963270438,1059,0.0
Native (Spanish),66,0.8983660681309301,0.5105230567637954,1049,0.0
Native (Spanish),67,0.9482163708353956,4.457117071552946,649,0.0
Native (Spanish),68,0.9939072265260381,0.7168528425843069,586,0.0
Native (Spanish),69,0.8371884610470391,1.6276703890418303,1099,0.0
Native (Spanish),70,0.8798765045270935,2.2835341620392144,962,0.0
Native (Spanish),71,0.8468918192487285,2.5335567669068486,584,0.0
Native (Spanish),72,0.8771115753176952,1.977536799462553,660,0.0
Native (Spanish),73,0.8949161410057537,1.9750111939619635,693,0.0
Native (Spanish),74,0.885453511202867,1.9659284171434581,817,0.0
Native (Spanish),75,0.8186544478310848,1.6353316572002987,766,0.0
Native (Spanish),76,0.7695753456528188,2.0598398337397086,867,0.0
Native (Spanish),77,0.9076235691618525,1.4825005857714828,771,0.0
Native (Spanish),78,0.8489404654471276,1.2765922602848445,1306,0.0
Native (Spanish),79,0.8588286710645606,2.093371079928013,607,0.0
Native (Spanish),80,0.8952417741230657,1.7985216503461348,668,0.0
Native (Spanish),81,0.8623872384542189,1.423271233382601,701,0.0
Native (Spanish),82,0.8300945837945222,2.355284024730581,1200,0.0
Native (Spanish),83,0.8022199557914285,2.2146144947305078,517,0.0
Native (Spanish),84,0.8106180049108969,1.7862280448745909,701,0.0
Native (Spanish),85,0.8395962317937357,1.818971350445024,525,0.0
Native (Spanish),86,0.9105046613888457,1.697641177085813,675,0.0
Native (Spanish),87,0.9166673195596194,1.5842680041075166,668,0.0
Native (Spanish),88,0.8894093697941612,3.003520309117933,494,0.0
Native (Spanish),89,0.8399370043540415,2.4465295340671176,1039,0.0
Native (Spanish),90,0.864771563127662,1.6973887304875421,529,0.0
Native (Spanish),91,0.7922258746718187,1.747225899616679,782,0.0
Native (Spanish),92,0.798395211656956,1.487793197967388,543,0.0
Native (Spanish),93,0.8708168329489767,1.5215733410498968,1127,0.0
Native (Spanish),94,0.8855824499702896,1.8878158860104277,726,0.0
Native (Spanish),95,0.8806737543970103,1.2756749199358324,945,0.0
Native (Spanish),96,0.8362853050368642,1.6674816604292106,598,0.0
Native (Spanish),97,0.9818999190150903,0.7252883046417179,609,0.0
Native (Spanish),98,0.8045798800279675,1.6956667840708488,786,0.0
Native (Spanish),99,0.9067480668484703,1.6323407781220727,546,0.0
Native (Spanish),100,0.9095250782400258,1.5116013708679332,673,0.0
Native (Spanish),101,0.9974353744701454,4.742483713214318,497,0.0
Native (Spanish),102,0.8259560202546162,2.4223630994784036,418,0.0
Native (Spanish),103,0.8264832244450231,1.93027198380853,778,0.0
Native (Spanish),104,0.922620110417389,1.4297581858767903,560,0.0
Native (Spanish),105,0.9892271492703921,1.3551910927319073,495,0.0
Native (Spanish),106,0.7083176545055762,2.194913099853308,587,0.0
Native (Spanish),107,0.8443981437270017,2.5629432780863137,765,0.0
Native (Spanish),108,0.8203017082110661,2.47254504344861,594,0.0
Native (Spanish),109,0.811370623040773,2.164614891173593,537,0.0
Native (Spanish),110,0.9991968901464755,4.742556397578201,440,0.0
Native (Spanish),111,0.9646145446074547,1.210643645138088,521,0.0
Native (Spanish),112,0.9144286952144817,1.2271957246000307,811,0.0
Native (Spanish),113,0.8387046227922011,1.061839300015839,381,0.0
Native (Spanish),114,0.8254023955393468,2.386088490486489,514,0.0
Native (Spanish),115,0.7641240885727569,1.8434079520605482,606,0.0
Native (Spanish),116,0.8335516958181893,1.3834419771507827,432,0.0
Native (Spanish),117,0.8488334840865699,1.7977105319064546,478,0.0
Native (Spanish),118,0.7907372551248598,2.248059944880249,574,0.0
Native (Spanish),119,0.8520903916934931,2.3206060941227302,432,0.0
Native (Spanish),120,0.9091040787466236,1.0507080798841895,470,0.0
Native (Spanish),121,0.8641464634608966,1.7752195558896526,585,0.0
Native (Spanish),122,0.8040842677493104,1.956922070021105,482,0.0
Native (Spanish),123,0.751171820880899,1.960775940160204,1109,0.0
Native (Spanish),124,0.777309304416258,2.9511061642086016,488,0.0
Native (Spanish),125,0.8690182637437674,2.210798636724306,395,0.0
Native (Spanish),126,0.7630460432437809,1.8898576086191403,749,0.0
Native (Spanish),127,0.9831300135923807,1.1534444178696126,487,0.0
Native (Spanish),128,0.980213839828696,1.3541989774099223,482,0.0
Native (Spanish),129,0.8815332014962479,2.0602673614580187,543,0.0
Native (Spanish),130,0.8087292754707063,2.4785754365000496,885,0.0
Native (Spanish),131,0.9935770772547017,1.2959415211282683,382,0.0
Native (Spanish),132,0.8781420945850951,1.6405618865872487,359,0.0
Native (Spanish),133,0.7761892032060029,2.534421046321894,585,0.0
Native (Spanish),134,0.8373247674664331,2.3886453544815787,755,0.0
Native (Spanish),135,0.806196863025657,2.0164260775560168,327,0.0
Native (Spanish),136,0.8332870117069862,2.2452312956501275,329,0.0
Native (Spanish),137,0.7390846290459604,2.3677296146070113,375,0.0
Native (Spanish),138,0.8725814032186329,2.2416844935180213,789,0.0
Native (Spanish),139,0.9103893464143056,2.3025479377797207,534,0.0
Native (Spanish),140,0.9412875499272787,1.4247539430880942,536,0.0
Native (Spanish),141,0.8086583672670444,2.5763582262617177,341,0.0
Native (Spanish),142,0.9580605055846101,4.769031296130355,340,0.0
Native (Spanish),143,0.8762396131968885,1.535020682876682,348,0.0
Native (Spanish),144,0.7993603926207296,1.9222309940574922,620,0.0
Native (Spanish),145,0.8817268024063302,1.2735100861329238,312,0.0
Native (Spanish),146,0.9355150268848689,4.743687228188502,309,0.0
Native (Spanish),147,0.6990809044230765,1.8702639095710338,312,0.0
Native (Spanish),148,0.7727528903602875,2.304895958413488,471,0.0
Native (Spanish),149,0.8610957210179767,2.4645586093085705,881,0.0
Native (Spanish),150,0.94539823503291,1.9316554173571459,421,0.0
Native (Spanish),151,0.8297943916104902,1.8196849859957958,320,0.0
Native (Spanish),152,0.8119883795913211,2.3454785749544347,402,0.0
Native (Spanish),153,0.8127884304568018,1.8190037011743319,313,0.0
Native (Spanish),154,0.8398011371061116,1.0825916086291407,298,0.0
Native (Spanish),155,0.797464533882678,2.1489366864553734,335,0.0
Native (Spanish),156,0.9036712090728287,2.157394142331669,528,0.0
Native (Spanish),157,0.8292043364486902,2.2819892726918347,491,0.0
Native (Spanish),158,0.8213907367570985,2.153082890181882,357,0.0
Native (Spanish),159,0.857240904693332,1.4477472118246044,491,0.0
Native (Spanish),160,0.8578929222618218,2.299018716169439,589,0.0
Native (Spanish),161,0.8946895771425981,1.9928991965563723,322,0.0
Native (Spanish),162,0.8125728475279764,2.994620072922857,741,0.0
Native (Spanish),163,0.8769634829373034,1.8692818188854599,490,0.0
Native (Spanish),164,0.9379616492533165,0.902989198190838,322,0.0
Native (Spanish),165,0.8457901955309635,1.9465187896643352,300,0.0
Native (Spanish),166,0.7597503109364315,2.1043851382896896,654,0.0
Native (Spanish),167,0.8161514588639581,2.1204946790910886,494,0.0
Native (Spanish),168,0.7930620893664814,1.8045277648513864,426,0.0
Native (Spanish),169,0.8332604264545038,1.3044895932279554,488,0.0
Native (Spanish),170,0.8722110012416852,1.3705771550491792,312,0.0
Native (Spanish),171,0.7987597107474268,1.2755120252502992,474,0.0
Native (Spanish),172,0.8167776829486989,2.219752556501728,354,0.0
Native (Spanish),173,0.7953987307278397,2.3589108737789326,462,0.0
Native (Spanish),174,0.7989163421932244,2.0801902004760655,302,0.0
Native (Spanish),175,0.8735763791858593,1.2155598906893683,319,0.0
Native (Spanish),176,0.9203451259402097,1.9296854947503435,338,0.0
Native (Spanish),177,0.856894431775805,2.3047831660391256,273,0.0
Native (Spanish),178,0.9055935144593074,0.8044643311361483,320,0.0
Native (Spanish),179,0.9999999999999402,1.3862943611198906,239,0.0
Native (Spanish),180,0.8665532391857544,1.8230768293212183,289,0.0
Native (Spanish),181,0.8752923922326277,1.9806579334743541,252,0.0
Native (Spanish),182,0.8564720859983389,2.0752453162746463,384,0.0
Native (Spanish),183,0.7646984458112484,1.68633274021273,664,0.0
Native (Spanish),184,0.7777461426976834,2.8963610685126526,352,0.0
Native (Spanish),185,0.8489817496641073,1.9661891508869906,296,0.0
Native (Spanish),186,0.805763305680128,1.9409227962791225,393,0.0
Native (Spanish),187,0.7742351246224142,1.8475768395094878,297,0.0
Native (Spanish),188,0.7034445774700936,1.8900964070985935,326,0.0
Native (Spanish),189,0.8496099456500655,1.5738055630452785,330,0.0
Native (Spanish),190,0.8021747313328227,2.038536885319987,295,0.0
Native (Spanish),191,0.7831450141032199,1.9507190155893002,313,0.0
Native (Spanish),192,0.9040393504695844,1.973134605735288,358,0.0
Native (Spanish),193,0.8692606733996262,1.9935634179100596,454,0.0
Native (Spanish),194,0.8348936400829521,1.9058604095432317,275,0.0
Native (Spanish),195,0.7924341131266605,1.0150871355948632,340,0.0
Native (Spanish),196,0.820844282766004,2.0128335589041693,336,0.0
Native (Spanish),197,0.7758949652268131,1.9454773927012596,273,0.0
Native (Spanish),198,0.8858033061034369,2.027221073963508,283,0.0
Native (Spanish),199,0.844799513106528,2.105290506516806,299,0.0
Native (Spanish),200,0.8075568433731859,1.8241871756664267,317,0.0
Native (Spanish),201,0.7871341800217685,1.545527873719058,367,0.0
Native (Spanish),202,0.840608820081899,1.7286515929731876,361,0.0
Native (Spanish),203,0.7966693819522869,2.53845317473539,236,0.0
Native (Spanish),204,0.9230462159838572,1.3031775074930971,243,0.0
Native (Spanish),205,0.8760504118080786,1.3857390022055207,387,0.0
Native (Spanish),206,0.8218067152421169,1.886444978284507,282,0.0
Native (Spanish),207,0.9999999999999516,1.3862943611198908,378,0.0
Native (Spanish),208,0.9107398600730446,1.9428908356072412,816,0.0
Native (Spanish),209,0.8061064889687876,2.0124620013132493,258,0.0
Native (Spanish),210,0.846633770202686,1.7305352010974104,333,0.0
Native (Spanish),211,0.7169635219305517,2.082333235813195,264,0.0
Native (Spanish),212,0.8027881468893319,2.692009745391508,265,0.0
Native (Spanish),213,0.7135198260633624,2.1477723001694886,322,0.0
Native (Spanish),214,0.8052730980902454,1.9969815986499948,250,0.0
Native (Spanish),215,0.8085237689478393,2.4823360285400624,425,0.0
Native (Spanish),216,0.7234276749024211,1.9971168437590026,351,0.0
Native (Spanish),217,0.726519876350571,1.972660839863436,307,0.0
Native (Spanish),218,0.9359796577411125,1.1795169890270998,207,0.0
Native (Spanish),219,0.8527543824610904,2.0801739852744214,515,0.0
Native (Spanish),220,0.9202248548480174,2.218005960425284,283,0.0
Native (Spanish),221,0.8334490842384825,2.193262209445707,218,0.0
Native (Spanish),222,0.845914675111054,2.568853083407487,273,0.0
Native (Spanish),223,0.7813167021017473,2.649631829106672,329,0.0
Native (Spanish),224,0.8251765573423634,2.1180080006078676,216,0.0
Native (Spanish),225,0.7845279146795747,2.038664177088373,260,0.0
Native (Spanish),226,0.7791087376999779,1.967176510731524,254,0.0
Native (Spanish),227,0.8043910576152958,2.530838816206346,260,0.0
Native (Spanish),228,0.7701549406561718,1.862705063828147,309,0.0
Native (Spanish),229,0.7832881968168135,2.3829049343228306,282,0.0
Native (Spanish),230,0.8274490484310629,2.2256200468445764,280,0.0
Native (Spanish),231,0.7898202637317836,3.293401082421356,236,0.0
Native (Spanish),232,0.776244048418837,1.181360294951855,221,0.0
Native (Spanish),233,0.7973905631990565,2.3347318986594874,201,0.0
Native (Spanish),234,0.9739944710144347,1.6830604583774327,408,0.0
Native (Spanish),235,0.7665951474777588,1.9463418509303363,271,0.0
Native (Spanish),236,0.9727785457603493,1.0677661703413612,246,0.0
Native (Spanish),237,0.815231843712146,1.6351646064604464,260,0.0
Native (Spanish),238,0.8132861547851121,2.88393998576567,370,0.0
Native (Spanish),239,0.8450857160328031,2.6206571750000602,321,0.0
Native (Spanish),240,0.8769000858538633,2.0710715809628475,217,0.0
Native (Spanish),241,0.7946255151595725,1.9483978379814209,238,0.0
Native (Spanish),242,0.796801185035098,1.8276795578739375,285,0.0
Native (Spanish),243,0.8592766724712105,1.2450730214212253,303,0.0
Native (Spanish),244,0.8925028670980691,2.0652709957606605,240,0.0
Native (Spanish),245,0.8839841504652669,2.1708880967942563,285,0.0
Native (Spanish),246,0.8073020945564281,2.040880324720822,222,0.0
Native (Spanish),247,0.9172981577056313,1.9262700117269047,228,0.0
Native (Spanish),248,0.8998977825153462,1.1616307806783024,328,0.0
Native (Spanish),249,0.8869315923545162,2.1917124072127336,214,0.0
Native (Spanish),250,0.8098239672475341,2.3970413162259843,375,0.0
Native (Spanish),251,0.8211397785719884,1.7913125226978799,331,0.0
Native (Spanish),252,0.8970904334124211,2.1527884544388485,269,0.0
Native (Spanish),253,0.9170091732757123,1.3931598148286897,232,0.0
Native (Spanish),254,0.8075007488753141,2.18619525944917,498,0.0
Native (Spanish),255,0.6919173038075324,1.2229771312204152,172,0.0
Native (Spanish),256,0.816045500623885,2.3130184534811002,284,0.0
Native (Spanish),257,0.9106525575757913,1.4767769059939524,262,0.0
Native (Spanish),258,0.8034127288200361,1.6053382304828328,254,0.0
Native (Spanish),259,0.8791479508731925,1.7782919246880238,250,0.0
Native (Spanish),260,0.7678343543987606,1.9969360989101461,220,0.0
Native (Spanish),261,0.8117450574480417,2.2979981980456166,346,0.0
Native (Spanish),262,0.7362958723932779,1.9695586631075828,313,0.0
Native (Spanish),263,0.934772665529441,1.9699693788732313,246,0.0
Native (Spanish),264,0.8532741374861114,2.1823924261304044,389,0.0
Native (Spanish),265,0.8813512777637148,1.2628739740407608,178,0.0
Native (Spanish),266,0.7892045094270618,1.6100748166424812,175,0.0
Native (Spanish),267,0.8499274099673184,1.6536208910085803,200,0.0
Native (Spanish),268,0.8452662764128754,2.063962550437183,306,0.0
Native (Spanish),269,0.8345646156259391,2.4548095908676477,347,0.0
Native (Spanish),270,0.7641227520115499,2.3803164481498937,173,0.0
Native (Spanish),271,0.8070044319725899,1.6276217946804352,231,0.0
Native (Spanish),272,0.9165814251542661,1.138348188035608,182,0.0
Native (Spanish),273,0.8202097524008863,2.4047485388444567,306,0.0
Native (Spanish),274,0.8118979467683782,1.937520067620927,176,0.0
Native (Spanish),275,0.8455095790508095,2.420008493583891,288,0.0
Native (Spanish),276,0.7880690613335655,1.9499056019276049,253,0.0
Native (Spanish),277,0.9052434987892669,1.7604041950192668,225,0.0
Native (Spanish),278,0.8492507786388024,1.8398765487861848,179,0.0
Native (Spanish),279,0.8382520390750273,2.643379130902906,285,0.0
Native (Spanish),280,0.8299158916800307,2.118189852892603,241,0.0
Native (Spanish),281,0.8859173204602088,2.3131294524815718,221,0.0
Native (Spanish),282,0.8856651010625513,1.9603578974696463,172,0.0
Native (Spanish),283,0.7710487598095542,1.308195544106062,229,0.0
Native (Spanish),284,0.9982831654759824,1.1086943733477013,152,0.0
Native (Spanish),285,0.8787699263564022,1.6105513051417353,193,0.0
Native (Spanish),286,0.9297867215903385,2.2908694249193085,185,0.0
Native (Spanish),287,0.9302033667923658,2.176847238938846,216,0.0
Native (Spanish),288,0.8747753190527844,2.1934665719451054,373,0.0
Native (Spanish),289,0.8145892053475647,1.728844322830867,428,0.0
Native (Spanish),290,0.8349051537011214,1.902457767469446,218,0.0
Native (Spanish),291,0.8270514057780193,1.7250445114592483,264,0.0
Native (Spanish),292,0.8627290284097473,2.2906069705706362,181,0.0
Native (Spanish),293,0.878921177147323,1.8308023892886427,157,0.0
Native (Spanish),294,0.7999522640806862,2.24746224979286,434,0.0
Native (Spanish),295,0.7580118416626584,2.0902424073231516,228,0.0
Native (Spanish),296,0.8085734146550073,1.8731072347590936,181,0.0
Native (Spanish),297,0.7587062639565408,1.667461102635345,220,0.0
Native (Spanish),298,0.8397872116436476,2.3921118025753225,503,0.0
Native (Spanish),299,0.824175029036909,1.4788813192762007,286,0.0
Native (Spanish),300,0.8003399545451134,2.181170043065969,162,0.0
Native (Spanish),301,0.7764195430512651,1.519586117722659,197,0.0
Native (Spanish),302,0.7716008909614046,2.110828294780404,170,0.0
Native (Spanish),303,0.7654012907036679,1.4202061306673106,383,0.0
Native (Spanish),304,0.7584998697290044,2.1196472480838304,151,0.0
Native (Spanish),305,0.9534303211622817,1.4836650368498767,167,0.0
Native (Spanish),306,0.8045951115258939,1.7195607002640283,238,0.0
Native (Spanish),307,0.8213619084899989,1.9436107180518816,159,0.0
Native (Spanish),308,0.8618197557263462,2.301877205122051,237,0.0
Native (Spanish),309,0.8187770387712575,2.127797878573449,155,0.0
Native (Spanish),310,0.9957328627445747,1.1392879998728134,205,0.0
Native (Spanish),311,0.8234122111174718,1.8706366463453161,193,0.0
Native (Spanish),312,0.7103029539420371,2.223900252360323,300,0.0
Native (Spanish),313,0.871165162545945,1.961488839883598,591,0.0
Native (Spanish),314,0.8906738885686789,3.0474627645346337,163,0.0
Native (Spanish),315,0.8389880515672047,1.8262751242145707,180,0.0
Native (Spanish),316,0.849453154119259,2.399458357276849,176,0.0
Native (Spanish),317,0.941875779933535,1.5027290143600567,352,0.0
Native (Spanish),318,0.8405405942077281,1.8191183664106352,142,0.0
Native (Spanish),319,0.8390590943208289,2.215195153860614,241,0.0
Native (Spanish),320,0.7633738097488828,2.1148012474820392,138,0.0
Native (Spanish),321,0.8554826990019895,1.8642120673064102,234,0.0
Native (Spanish),322,0.7555691968630878,1.952072900549317,196,0.0
Native (Spanish),323,0.867253379552443,1.7624920970834115,175,0.0
Native (Spanish),324,0.746838457571546,1.5020835015656397,146,0.0
Native (Spanish),325,0.8250213850492089,1.7323131646069925,286,0.0
Native (Spanish),326,0.8835701808029298,2.4165951702378496,387,0.0
Native (Spanish),327,0.9543709677157562,1.6524701512574063,316,0.0
Native (Spanish),328,0.8359864304946913,1.606609584670476,138,0.0
Native (Spanish),329,0.8371698176430595,1.8425438903790299,177,0.0
Native (Spanish),330,0.8063033612454404,1.1567086322473557,132,0.0
Native (Spanish),331,0.8912112588041566,2.0225784598119327,199,0.0
Native (Spanish),332,0.8707756153744005,1.8235365959601622,152,0.0
Native (Spanish),333,0.8299931258200923,2.553017051154929,374,0.0
Native (Spanish),334,0.9172688206876078,1.5259358889606365,346,0.0
Native (Spanish),335,0.7568086905726743,1.8310058173320267,339,0.0
Native (Spanish),336,0.6751900948173359,1.8045654607841721,133,0.0
Native (Spanish),337,0.809302721263906,1.8934996758568607,509,0.0
Native (Spanish),338,0.9880636056421418,0.70830227980506,168,0.0
Native (Spanish),339,0.7607493012612649,1.8443485105820416,179,0.0
Native (Spanish),340,0.880588977114171,1.6895786299816178,230,0.0
Native (Spanish),341,0.6821265739678769,1.264101945677116,135,0.0
Native (Spanish),342,0.7274583098069983,2.043617247528603,268,0.0
Native (Spanish),343,0.9027196144778417,2.845183283910426,171,0.0
Native (Spanish),344,0.8365422321583141,1.4383618143667336,131,0.0
Native (Spanish),345,0.9448926486663431,1.6277640194027276,193,0.0
Native (Spanish),346,0.829807870894608,1.5920557846546293,199,0.0
Native (Spanish),347,0.8640645192023121,1.6249304702021126,156,0.0
Native (Spanish),348,0.8013229936376244,2.0654833047157846,212,0.0
Native (Spanish),349,0.8253393457646718,1.6693484957589324,175,0.0
Native (Spanish),350,0.7929798139400853,2.187914421848336,170,0.0
Native (Spanish),351,0.6907033430286249,2.133119744288848,201,0.0
Native (Spanish),352,0.8930040079670221,1.9035268488085273,215,0.0
Native (Spanish),353,0.890577411849114,1.4649615382584102,230,0.0
Native (Spanish),354,0.7997676049170372,1.827528569599919,252,0.0
Native (Spanish),355,0.7738821922078506,2.396562208361063,142,0.0
Native (Spanish),356,0.9881494558188837,0.09028864576020174,135,0.0
Native (Spanish),357,0.7551753618800328,1.9476974496154902,146,0.0
Native (Spanish),358,0.8420367488287501,2.2831533706973874,202,0.0
Native (Spanish),359,0.8951592082272828,1.7395401406956859,223,0.0
Native (Spanish),360,0.8002511186462361,2.1519044381805794,182,0.0
Native (Spanish),361,0.7682410998845661,2.011163595194095,190,0.0
Native (Spanish),362,0.8366114260066059,2.2947672431222266,200,0.0
Native (Spanish),363,0.8408520475086709,1.8531773353726722,373,0.0
Native (Spanish),364,0.8416756620268822,2.055296151240254,164,0.0
Native (Spanish),365,0.8673678355443711,2.09058244299083,379,0.0
Native (Spanish),366,0.813779038400131,1.9585254818698692,230,0.0
Native (Spanish),367,0.8407408476292167,1.6213322007358582,901,0.0
Native (Spanish),368,0.8455919729230323,2.296433250564185,294,0.0
Native (Spanish),369,0.8871669455385639,1.8234550236556064,160,0.0
Native (Spanish),370,0.944151360658265,0.8296116848265606,154,0.0
Native (Spanish),371,0.8257533599744922,2.38605546418673,377,0.0
Native (Spanish),372,0.8719828942008474,2.5565279107073433,208,0.0
Native (Spanish),373,0.916834614264576,1.4348137086991406,343,0.0
Native (Spanish),374,0.8020337418333124,2.235685421489323,277,0.0
Native (Spanish),375,0.861068528550143,2.3158863894338277,127,0.0
Native (Spanish),376,0.7255740579917829,1.6784220989440615,136,0.0
Native (Spanish),377,0.8178187191851481,1.8947643813753912,149,0.0
Native (Spanish),378,0.8130800657915175,2.200210925608997,281,0.0
Native (Spanish),379,0.9296498508334766,1.0173603487943819,139,0.0
Native (Spanish),380,0.8406749098145512,1.6363107343974046,269,0.0
Native (Spanish),381,0.8170107232190269,2.68965806738887,506,0.0
Native (Spanish),382,0.9003409686438014,1.9759492184782301,263,0.0
Native (Spanish),383,0.7883026442997929,1.6004708760225224,180,0.0
Native (Spanish),384,0.88852117033291,1.2503126638418163,182,0.0
Native (Spanish),385,0.8138308378306176,2.3041653067467625,153,0.0
Native (Spanish),386,0.7856219751773893,1.3661966424383654,160,0.0
Native (Spanish),387,0.8661771104311984,1.8282523970424378,164,0.0
Native (Spanish),388,0.8570621517710229,2.350036172126612,121,0.0
Native (Spanish),389,0.8294603180651349,2.09098836753908,803,0.0
Native (Spanish),390,0.8837687056269911,1.8806265925203633,126,0.0
Native (Spanish),391,0.9182759656255236,1.415847112760681,135,0.0
Native (Spanish),392,0.811065616949467,1.9989797325747038,511,0.0
Native (Spanish),393,0.7816223041313186,2.4123515678295844,237,0.0
Native (Spanish),394,0.8953230249223515,1.6070550884826582,423,0.0
Native (Spanish),395,0.8939925594359286,1.8879692740094898,151,0.0
Native (Spanish),396,0.8407566978037814,2.278862074559782,149,0.0
Native (Spanish),397,0.866132244162131,2.3655312473750327,270,0.0
Native (Spanish),398,0.9473838790121809,1.7433923920948948,170,0.0
Native (Spanish),399,0.8021818536519126,1.5559418405286458,148,0.0
Native (Spanish),400,0.8884205559831152,1.8309483854095538,151,0.0
Native (Spanish),401,0.7744498752390591,2.150704013522439,249,0.0
Native (Spanish),402,0.8376487434080854,2.0227990501314888,160,0.0
Native (Spanish),403,0.8216563575797913,2.112348655939757,164,0.0
Native (Spanish),404,0.8245125224909561,2.4157943726194664,430,0.0
Native (Spanish),405,0.9236317437346795,2.1933133554655857,186,0.0
Native (Spanish),406,0.7749124969672557,1.651807553827609,165,0.0
Native (Spanish),407,0.7722173099191976,1.7044733209512049,183,0.0
Native (Spanish),408,0.8400202562354069,1.9353078603743494,155,0.0
Native (Spanish),409,0.9555672434937684,1.4255600862247415,159,0.0
Native (Spanish),410,0.8131049990099888,1.9858047099351945,112,0.0
Native (Spanish),411,0.8279332904600584,1.7168764593996324,161,0.0
Native (Spanish),412,0.834064160092076,2.30874693376453,183,0.0
Native (Spanish),413,0.8063522549239599,2.017074630287214,153,0.0
Native (Spanish),414,0.9241523445948143,1.358798121199208,114,0.0
Native (Spanish),415,0.8998881234241038,1.8589724871587032,153,0.0
Native (Spanish),416,0.8624733378403328,2.035142583877901,216,0.0
Native (Spanish),417,0.8218348162826807,2.087248617292799,117,0.0
Native (Spanish),418,0.6814463395505655,1.2894013368247188,113,0.0
Native (Spanish),419,0.8727642873435705,1.2284177669957488,117,0.0
Native (Spanish),420,0.8425155171940081,2.6777477670226015,144,0.0
Native (Spanish),421,0.8166984744314352,2.2277993865682144,647,0.0
Native (Spanish),422,0.9483884455984215,1.7010815088849534,164,0.0
Native (Spanish),423,0.8283322304913538,1.749969919720162,161,0.0
Native (Spanish),424,0.829362175234047,1.5885825953355215,293,0.0
Native (Spanish),425,0.8850316787851547,1.4738500844886349,366,0.0
Native (Spanish),426,0.8676839028845411,1.51336295027249,125,0.0
Native (Spanish),427,0.8537533065759115,1.9365295752445715,147,0.0
Native (Spanish),428,0.7283104083607882,1.9092197062472243,171,0.0
Native (Spanish),429,0.8905133227868515,1.6417695522390396,146,0.0
Native (Spanish),430,0.8562969855459103,2.05704088186702,245,0.0
Native (Spanish),431,0.9271889376997864,1.6210272879685619,184,0.0
Native (Spanish),432,0.7787315006995912,2.300538962639733,289,0.0
Native (Spanish),433,0.7485480966497667,2.5333828227285373,122,0.0
Native (Spanish),434,0.7875837349732833,1.152803260181282,99,0.0
Native (Spanish),435,0.8882903901141073,1.7043682445683863,186,0.0
Native (Spanish),436,0.8810773885989348,1.3157098109371896,147,0.0
Native (Spanish),437,0.7980775967257994,1.6150633555640581,110,0.0
Native (Spanish),438,0.8751935571186668,2.390064743000068,202,0.0
Native (Spanish),439,0.8055199374913075,2.129771871802998,171,0.0
Native (Spanish),440,0.8538552560745307,1.9142936562967952,113,0.0
Native (Spanish),441,0.805833635814501,2.8991967818458604,531,0.0
Native (Spanish),442,0.8479499658447659,2.3015319391107862,350,0.0
Native (Spanish),443,0.749196111230148,1.6366757154977476,207,0.0
Native (Spanish),444,0.7725044185028951,2.3127819047929976,446,0.0
Native (Spanish),445,0.7620294366884492,1.4581993958488884,111,0.0
Native (Spanish),446,0.7386390515290479,2.2905611188677755,118,0.0
Native (Spanish),447,0.9860640458489826,4.706949321476982,97,0.0
Native (Spanish),448,0.9371508604967335,4.801682395381655,120,0.0
Native (Spanish),449,0.8921816051442281,1.3040910826138483,175,0.0
Native (Spanish),450,0.8443510307514103,2.2120604262862,207,0.0
Native (Spanish),451,0.7860393696843774,2.1314355449779,130,0.0
Native (Spanish),452,0.7881497077412567,1.847887253848902,252,0.0
Native (Spanish),453,0.7804176616605527,1.7187348495400874,124,0.0
Native (Spanish),454,0.8906979229865832,1.6703005923178051,111,0.0
Native (Spanish),455,0.819504158682636,1.0747147693921233,135,0.0
Native (Spanish),456,0.8390952844402696,0.9511652976304545,96,0.0
Native (Spanish),457,0.9765677740416799,1.5289516418992233,180,0.0
Native (Spanish),458,0.8179113599830351,1.2762394547975708,132,0.0
Native (Spanish),459,0.8888770546734096,1.7790175573080298,140,0.0
Native (Spanish),460,0.9224903820085747,1.1389844932158122,129,0.0
Native (Spanish),461,0.705339801847911,1.906809473668988,232,0.0
Native (Spanish),462,0.7702961463040585,0.9238872585469586,120,0.0
Native (Spanish),463,0.8257112833711002,2.0638853851092946,102,0.0
Native (Spanish),464,0.7698484585632522,2.1935418634923174,235,0.0
Native (Spanish),465,0.9424971700602716,0.933571892086652,105,0.0
Native (Spanish),466,0.787786878540215,1.910545609755857,147,0.0
Native (Spanish),467,0.7833939204844238,1.2640460763102277,107,0.0
Native (Spanish),468,0.7985103669884572,2.20076559038424,116,0.0
Native (Spanish),469,0.8520273412571682,2.1814739595064716,212,0.0
Native (Spanish),470,0.8842444417461662,1.707157640383171,157,0.0
Native (Spanish),471,0.9959599007234434,1.3040601630188369,97,0.0
Native (Spanish),472,0.7844399623930584,2.468148323488192,225,0.0
Native (Spanish),473,0.7750948001300966,1.9332990503148066,279,0.0
Native (Spanish),474,0.8970394812624132,1.0255270683545252,105,0.0
Native (Spanish),475,0.6604135039104402,1.9591193293831661,148,0.0
Native (Spanish),476,0.8911060253585759,2.431060836223579,141,0.0
Native (Spanish),477,0.8522191618937124,2.351405564678249,100,0.0
Native (Spanish),478,0.9289405257150576,1.7042541170804815,149,0.0
Native (Spanish),479,0.9455765323978097,1.689406408246294,191,0.0
Native (Spanish),480,0.7831611822220634,0.8030316108975828,90,0.0
Native (Spanish),481,0.7973876183120294,2.4744463515446045,426,0.0
Native (Spanish),482,0.9837176715193845,1.2239231037059273,94,0.0
Native (Spanish),483,0.8493807621347846,2.197036293992578,310,0.0
Native (Spanish),484,0.7806064811013463,2.7725714082417836,93,0.0
Native (Spanish),485,0.9804999550322115,1.4397447594215025,117,0.0
Native (Spanish),486,0.8333371746531321,1.689555539649784,125,0.0
Native (Spanish),487,0.7975196221765074,2.22668206229758,308,0.0
Native (Spanish),488,0.7469424927549787,2.4588434234957655,141,0.0
Native (Spanish),489,0.8153519841963514,2.2621415198790964,106,0.0
Native (Spanish),490,0.8461333285023774,2.348983360170708,235,0.0
Native (Spanish),491,0.8649747906001027,1.2805733793633336,150,0.0
Native (Spanish),492,0.8950759445349958,1.1981363911634906,95,0.0
Native (Spanish),493,0.7817889482792574,2.1691684298383076,226,0.0
Native (Spanish),494,0.7045194538115993,2.2328039000275193,287,0.0
Native (Spanish),495,0.8700408725069059,1.2329292493959172,119,0.0
Native (Spanish),496,0.8486016888087569,1.8794291358806376,182,0.0
Native (Spanish),497,0.8223031536953235,1.6029890787999157,96,0.0
Native (Spanish),498,0.9799178755749124,1.2957038575570368,111,0.0
Native (Spanish),499,0.827727105475903,1.6751077699396948,130,0.0
Native (Spanish),500,0.7896653566307368,1.3200417522458407,98,0.0
Native (Spanish),501,0.9015270781692026,1.6630155880093387,145,0.0
Native (Spanish),502,0.80428826121788,2.473984112043653,398,0.0
Native (Spanish),503,0.896847614485286,2.1350483021914015,91,0.0
Native (Spanish),504,0.9127259870896561,1.0983141848510078,103,0.0
Native (Spanish),505,0.9062663865309736,1.6822237230226291,170,0.0
Native (Spanish),506,0.8220371327166415,2.17812432963058,97,0.0
Native (Spanish),507,0.8324466098814082,1.8801688885260837,303,0.0
Native (Spanish),508,0.865531728423885,1.478985308454069,115,0.0
Native (Spanish),509,0.7669272616420394,1.9426323882262626,148,0.0
Native (Spanish),510,0.7502209964493989,2.469037949481387,88,0.0
Native (Spanish),511,0.8452539048103549,3.9329106802432365,203,0.0
Native (Spanish),512,0.7918994295900282,1.938209933104201,129,0.0
Native (Spanish),513,0.799279050365718,3.0054121651329373,182,0.0
Native (Spanish),514,0.9723237011086616,0.5193214687473375,163,0.0
Native (Spanish),515,0.7672539218836509,1.5124732324814554,95,0.0
Native (Spanish),516,0.7892915849905766,2.4223276683087462,94,0.0
Native (Spanish),517,0.903392291910562,1.4860174277455471,142,0.0
Native (Spanish),518,0.8173941589615077,1.996335980577621,149,0.0
Native (Spanish),519,0.8750183052025347,1.47685473907157,287,0.0
Native (Spanish),520,0.7965006224157286,2.0606075491772224,110,0.0
Native (Spanish),521,0.792402858748037,2.566420463622484,240,0.0
Native (Spanish),522,0.8227289631241741,2.3829175170515215,294,0.0
Native (Spanish),523,0.8114898657466413,1.1151201087355544,93,0.0
Native (Spanish),524,0.7110307571333772,1.514659256702899,86,0.0
Native (Spanish),525,0.7971331061476183,1.2730359093586285,83,0.0
Native (Spanish),526,0.8471730940397384,2.0839935864665455,331,0.0
Native (Spanish),527,0.8163880463771842,2.378956782781947,116,0.0
Native (Spanish),528,0.7565268571632401,1.7563316859375437,97,0.0
Native (Spanish),529,0.843150877417982,1.6958154068084785,108,0.0
Native (Spanish),530,0.753093818419916,1.7386592616016703,98,0.0
Native (Spanish),531,0.899950067104965,1.0773313708885648,193,0.0
Native (Spanish),532,0.7854169975080098,2.2887999095194638,204,0.0
Native (Spanish),533,0.8020508793320734,1.11137337251177,111,0.0
Native (Spanish),534,0.8615848880027406,1.5129162234924503,92,0.0
Native (Spanish),535,0.8695724013480047,1.8576604317967873,164,0.0
Native (Spanish),536,0.9255570421527115,1.859587387202511,153,0.0
Native (Spanish),537,0.8094687601218938,2.2594448414741266,117,0.0
Native (Spanish),538,0.9206829445536442,1.4977781151688314,87,0.0
Native (Spanish),539,0.9793879064202075,1.2022441717510057,147,0.0
Native (Spanish),540,0.8616551407814449,2.257825880801642,115,0.0
Native (Spanish),541,0.8361749084753725,1.921717884907706,164,0.0
Native (Spanish),542,0.9220729648384841,1.6746013853475579,105,0.0
Native (Spanish),543,0.7991845977825085,1.2001508487231236,83,0.0
Native (Spanish),544,0.8365260915488885,2.4701909249134752,256,0.0
Native (Spanish),545,0.7878204099348665,1.4102620699921713,86,0.0
Native (Spanish),546,0.7328627259460644,2.013036311848817,118,0.0
Native (Spanish),547,0.8549341013516303,1.3752810596694487,122,0.0
Native (Spanish),548,0.8975732308837092,2.122395165590135,101,0.0
Native (Spanish),549,0.7833647254946429,2.2829552268046895,185,0.0
Native (Spanish),550,0.8154292573202877,1.8007255984246922,470,0.0
Native (Spanish),551,0.7920419623450663,1.4290080336469182,658,0.0
Native (Spanish),552,0.8493655699527831,2.934722129648849,104,0.0
Native (Spanish),553,0.7917822406920595,1.39948704701219,95,0.0
Native (Spanish),554,0.8266739208541489,1.7923107998471859,121,0.0
Native (Spanish),555,0.8332740340616284,1.2357654242951863,117,0.0
Native (Spanish),556,0.8254421767951488,2.0000089283378966,119,0.0
Native (Spanish),557,0.7574919734322776,2.0627251919601006,125,0.0
Native (Spanish),558,0.8457377587168713,1.4534625558209895,122,0.0
Native (Spanish),559,0.923386123978423,1.198512115606101,89,0.0
Native (Spanish),560,0.8835524251905759,2.0985570256675503,144,0.0
Native (Spanish),561,0.8702839594443214,1.9722072176905374,83,0.0
Native (Spanish),562,0.816692669756276,1.363062885333368,98,0.0
Native (Spanish),563,0.8011274750326293,1.894906195407004,457,0.0
Native (Spanish),564,0.7797909835597087,1.6459933672356197,147,0.0
Native (Spanish),565,0.8128371066907862,2.006345560711384,108,0.0
Native (Spanish),566,0.8613336891760472,1.846053331932362,127,0.0
Native (Spanish),567,0.8561032701963547,1.3301956382760636,152,0.0
Native (Spanish),568,0.6535343939227753,2.44698925649802,103,0.0
Native (Spanish),569,0.7964126025891496,1.5032785475366552,147,0.0
Native (Spanish),570,0.748262412071158,1.1128862967070001,75,0.0
Native (Spanish),571,0.7514566759255087,1.7860484491538213,299,0.0
Native (Spanish),572,0.785204590436441,2.3596715881266466,80,0.0
Native (Spanish),573,0.8186749426361494,4.026034142180986,76,0.0
Native (Spanish),574,0.8219080163070133,2.355538128980383,163,0.0
Native (Spanish),575,0.8026223690827846,1.842059975706499,230,0.0
Native (Spanish),576,0.8614559050931583,1.9754345081119755,178,0.0
Native (Spanish),577,0.8057011020129389,2.482916306882044,95,0.0
Native (Spanish),578,0.8292580566971839,2.297754399767503,104,0.0
Native (Spanish),579,0.8104891556339695,1.6685590320663155,284,0.0
Native (Spanish),580,0.8337030891924011,1.441830594339513,116,0.0
Native (Spanish),581,0.7896154687067264,1.8555434952369383,103,0.0
Native (Spanish),582,0.8470294097694069,1.4413635019864997,551,0.0
Native (Spanish),583,0.8167301614635065,2.146056007650051,153,0.0
Native (Spanish),584,0.8254556452718133,1.4151394364536012,147,0.0
Native (Spanish),585,0.896562689672625,1.4372193114292817,112,0.0
Native (Spanish),586,0.8127862766974953,2.131591683510759,104,0.0
Native (Spanish),587,0.8390210420862109,2.3532307170086866,108,0.0
Native (Spanish),588,0.8255981035354528,1.2052998048839199,74,0.0
Native (Spanish),589,0.8988053608385616,2.1461760632732125,142,0.0
Native (Spanish),590,0.8237741984597338,1.891225774762211,220,0.0
Native (Spanish),591,0.7725134413765837,2.3212770080706306,88,0.0
Native (Spanish),592,0.8150031583547126,1.7849916033766011,134,0.0
Native (Spanish),593,0.8344817011811455,1.5755526593656162,208,0.0
Native (Spanish),594,0.779729966806937,2.121067604354349,82,0.0
Native (Spanish),595,0.8089602178769963,1.5866577759348932,523,0.0
Native (Spanish),596,0.8846615353319098,1.5879110160226206,185,0.0
Native (Spanish),597,0.9291353827551573,1.1723922978953945,107,0.0
Native (Spanish),598,0.8284575013843843,2.280485099427284,142,0.0
Native (Spanish),599,0.8107848917796208,1.2883723084664735,72,0.0
Native (Spanish),600,0.8363098268269691,2.3355001881804656,108,0.0
Native (Spanish),601,0.8130782468692994,1.9916422923078627,87,0.0
Native (Spanish),602,0.9206633052495703,0.6226902134921555,84,0.0
Native (Spanish),603,0.7572775897179621,0.6087042848759444,72,0.0
Native (Spanish),604,0.7604342511471626,1.6862193947406137,72,0.0
Native (Spanish),605,0.7257203782630672,2.137379088830493,220,0.0
Native (Spanish),606,0.8120845005964431,1.6373266057613793,104,0.0
Native (Spanish),607,0.9063162152760098,1.5566032971737784,79,0.0
Native (Spanish),608,0.8572474616428623,2.484663958400424,291,0.0
Native (Spanish),609,0.8090281160220557,3.1009788390741178,254,0.0
Native (Spanish),610,0.9263518898640531,1.7988512158790915,136,0.0
Native (Spanish),611,0.8373054721536254,1.8531483425111808,252,0.0
Native (Spanish),612,0.8862373768928535,1.4874408617936286,84,0.0
Native (Spanish),613,0.8983680740515904,1.5222787397041035,113,0.0
Native (Spanish),614,0.8291181746800773,2.021216822105001,219,0.0
Native (Spanish),615,0.8701096956667218,1.1389597928884931,94,0.0
Native (Spanish),616,0.8427390919660249,1.2462455670259274,71,0.0
Native (Spanish),617,0.8047676434786741,1.7608360866196726,98,0.0
Native (Spanish),618,0.8662985324264525,2.0881037096135877,150,0.0
Native (Spanish),619,0.8932204770306019,2.067033091728471,120,0.0
Native (Spanish),620,0.9064081756602127,1.6095190960447365,117,0.0
Native (Spanish),621,0.8103861740910748,1.9388072024765455,107,0.0
Native (Spanish),622,0.7768751005665697,1.5552676997581638,73,0.0
Native (Spanish),623,0.8169427869684731,2.489817190221837,113,0.0
Native (Spanish),624,0.8261440617899926,1.540166202240842,127,0.0
Native (Spanish),625,0.931634817657848,1.201601770549384,88,0.0
Native (Spanish),626,0.8651505151557008,2.5176394386390695,103,0.0
Native (Spanish),627,0.9020777356133513,0.6855072190316823,207,0.0
Native (Spanish),628,0.7395702864662644,2.1063398656870254,104,0.0
Native (Spanish),629,0.8307461841196582,1.041200203997761,74,0.0
Native (Spanish),630,0.7823464094279065,1.6756575925931825,446,0.0
Native (Spanish),631,0.9605877784973814,1.4777664111575348,92,0.0
Native (Spanish),632,0.7806153594652302,1.6718186470211196,124,0.0
Native (Spanish),633,0.8069400371159133,2.323551000296209,96,0.0
Native (Spanish),634,0.8164395845599393,1.401286313923926,109,0.0
Native (Spanish),635,0.8428986513711497,1.453720013416669,88,0.0
Native (Spanish),636,0.8428420515767562,2.1243246596209246,200,0.0
Native (Spanish),637,0.8372085401006805,1.2081209194019857,109,0.0
Native (Spanish),638,0.9990607573271721,4.784611633967433,99,0.0
Native (Spanish),639,0.8104589033513413,2.0319633808421207,167,0.0
Native (Spanish),640,0.8308151321751569,2.3382245312551113,354,0.0
Native (Spanish),641,0.8425926559999344,1.0003255399962392,75,0.0
Native (Spanish),642,0.7634030302324666,1.9222840629879945,161,0.0
Native (Spanish),643,0.8471098846856772,2.5270380570380278,103,0.0
Native (Spanish),644,0.8148650321216603,1.7571710776917082,112,0.0
Native (Spanish),645,0.8246487029077455,2.6281914671097293,187,0.0
Native (Spanish),646,0.8486373696115408,2.1316096149521733,155,0.0
Native (Spanish),647,0.99148008365866,1.4254997640998595,80,0.0
Native (Spanish),648,0.7810396614248812,1.0256006415022463,161,0.0
Native (Spanish),649,0.772227357413866,1.863617389262964,91,0.0
Native (Spanish),650,0.917971065509765,1.2314370066077427,181,0.0
Native (Spanish),651,0.8327869410458005,1.6744170134578666,382,0.0
Native (Spanish),652,0.8520112142050845,2.4349040130949167,98,0.0
Native (Spanish),653,0.7520253627789928,1.7468510610563381,71,0.0
Native (Spanish),654,0.9418774967051614,1.688400560554115,75,0.0
Native (Spanish),655,0.8966817785932664,1.6790668755330387,83,0.0
Native (Spanish),656,0.9416474625466579,1.8202016388393294,191,0.0
Native (Spanish),657,0.8108174614190343,1.5389937816678203,90,0.0
Native (Spanish),658,0.8879933348360419,1.7761890241774598,127,0.0
Native (Spanish),659,0.8415548383035597,1.268988230987667,73,0.0
Native (Spanish),660,0.7639702435340595,2.1506639818709723,81,0.0
Native (Spanish),661,0.8440820531481399,1.770744354677532,90,0.0
Native (Spanish),662,0.7416151366359681,2.123262347267934,115,0.0
Native (Spanish),663,0.8841070308405188,1.959641654043816,236,0.0
Native (Spanish),664,0.8832640091811903,0.8079346397331478,92,1.0869565217391304
Native (Spanish),665,0.7546050899514286,2.04760079615395,409,0.0
Native (Spanish),666,0.7571244052440628,1.808307324609508,164,0.0
Native (Spanish),667,0.9955873676363661,4.742502598606379,66,0.0
Native (Spanish),668,0.9457088791791449,1.651870201256744,90,0.0
Native (Spanish),669,0.9443758227127496,1.1630081354752175,74,0.0
Native (Spanish),670,0.7437966499709793,2.496034339628962,78,0.0
Native (Spanish),671,0.7749099774477916,1.414383860486212,90,0.0
Native (Spanish),672,0.8046290754174651,1.7921302224664932,184,0.0
Native (Spanish),673,0.7787158608141596,1.8357798802507672,85,0.0
Native (Spanish),674,0.8003613535375153,1.6696624139834206,101,0.0
Native (Spanish),675,0.8114563579310625,1.7416040429466917,80,0.0
Native (Spanish),676,0.9776812279491538,1.808341722904479,81,0.0
Native (Spanish),677,0.8688632090615096,2.278566418620061,103,0.0
Native (Spanish),678,0.9178916918395796,1.5825794970886649,124,0.0
Native (Spanish),679,0.8634746808168654,1.8157262070707696,133,0.0
Native (Spanish),680,0.7562863080980029,1.9030507480175924,139,0.0
Native (Spanish),681,0.8283375364889473,2.404661088641187,239,0.0
Native (Spanish),682,0.7964791357797198,2.673929100926215,296,0.0
Native (Spanish),683,0.9078129476019793,1.1074553085944185,83,0.0
Native (Spanish),684,0.8439624938822705,1.457525068167279,64,0.0
Native (Spanish),685,0.8021695536778584,1.6565202164248267,79,0.0
Native (Spanish),686,0.8462974422057012,2.4310063885174413,111,0.0
Native (Spanish),687,0.8364584779222008,2.2098049526643195,89,0.0
Native (Spanish),688,0.8675894923916102,1.7113493000180717,243,0.0
Native (Spanish),689,0.8682563598265052,2.2520375604173535,86,0.0
Native (Spanish),690,0.7770642804382252,1.95863808080186,273,0.0
Native (Spanish),691,0.9741639544945164,1.2283059280860025,64,0.0
Native (Spanish),692,0.873677857377779,1.3090040128239058,113,0.0
Native (Spanish),693,0.8712704657999624,1.0540687754653413,230,0.0
Native (Spanish),694,0.7778312817294001,1.679800499854626,142,0.0
Native (Spanish),695,0.8074694755613061,1.5774904080806504,265,0.0
Native (Spanish),696,0.9999414090340597,1.0986122886681093,59,0.0
Native (Spanish),697,0.7694117996111948,1.6053827933934948,197,0.0
Native (Spanish),698,0.8366668549749936,2.2259014427519066,104,0.0
Native (Spanish),699,0.8630721450989701,2.0171452725504215,191,0.0
Native (Spanish),700,0.8246471672745123,2.9427095039943194,78,0.0
Native (Spanish),701,0.8230514937575383,2.548636843419928,72,0.0
Native (Spanish),702,0.9119906977441892,2.06616612718302,66,0.0
Native (Spanish),703,0.9276580956528448,1.6829490509366571,162,0.0
Native (Spanish),704,0.8674266902257971,2.759909041132002,78,0.0
Native (Spanish),705,0.8004237622059823,2.2305216209320418,91,0.0
Native (Spanish),706,0.8253282895371035,1.1824159266141407,66,0.0
Native (Spanish),707,0.9298058730785519,1.2190236897591604,146,0.0
Native (Spanish),708,0.8505431919223616,2.182580358126789,133,0.0
Native (Spanish),709,0.899983336266005,1.8968196331434608,115,0.0
Native (Spanish),710,0.8414225195173058,2.502457057151667,164,0.0
Native (Spanish),711,0.8413800226266652,2.1249953142290665,80,0.0
Native (Spanish),712,0.8475757393000508,1.4020032302341288,112,0.0
Native (Spanish),713,0.8441369812036881,2.0276937757066564,101,0.0
Native (Spanish),714,0.8046316650491913,2.2903742381239547,216,0.0
Native (Spanish),715,0.8077640151237199,1.8132653711646223,216,0.0
Native (Spanish),716,0.8383802982928162,1.676779709595319,72,0.0
Native (Spanish),717,0.860150105244705,1.8134144780093475,243,0.0
Native (Spanish),718,0.9206334902003628,3.9731989498165032,66,0.0
Native (Spanish),719,0.7739945919609633,2.3126416390778957,89,0.0
Native (Spanish),720,0.9316032663536992,1.7837281892872716,187,0.0
Native (Spanish),721,0.8743471936207462,1.9274293427190514,146,0.0
Native (Spanish),722,0.7379195123539496,1.403316263368492,60,0.0
Native (Spanish),723,0.8195289233088656,0.9434114650497455,58,0.0
Native (Spanish),724,0.9582684374907953,1.1876057711263903,113,0.0
Native (Spanish),725,0.9230031620536736,1.5197369573462172,76,0.0
Native (Spanish),726,0.7129998923909749,1.9431080710544577,102,0.0
Native (Spanish),727,0.8527197669627439,2.044593302790067,458,0.0
Native (Spanish),728,0.8640459333809106,0.9521550593675906,66,0.0
Native (Spanish),729,0.864804960963016,2.414563926853754,111,0.0
Native (Spanish),730,0.9970563432064756,4.770431788140789,180,0.0
Native (Spanish),731,0.8730713465600228,2.1115410951661655,103,0.0
Native (Spanish),732,0.7921537799290717,1.858356268130434,502,0.0
Native (Spanish),733,0.9009213512509234,1.617006715028747,95,0.0
Native (Spanish),734,0.8011459565305097,2.327719446218217,97,0.0
Native (Spanish),735,0.7163857965716294,1.3641325499763,361,0.0
Native (Spanish),736,0.9271452787120389,1.5126742827157742,88,0.0
Native (Spanish),737,0.8362655602565454,2.275663454864084,75,0.0
Native (Spanish),738,0.856241965474742,1.7872065103669643,111,0.0
Native (Spanish),739,0.7960907970732081,1.4300734273581468,90,0.0
Native (Spanish),740,0.847327141027088,1.8805241919445326,135,0.0
Native (Spanish),741,0.858757095417253,1.8005742016268433,182,0.0
Native (Spanish),742,0.8512506256387519,1.2936382060926834,78,0.0
Native (Spanish),743,0.9990455830619406,1.390209160265754,57,0.0
Native (Spanish),744,0.7904918933418431,2.321619013312152,111,0.0
Native (Spanish),745,0.7185503273709174,1.959723831059731,125,0.0
Native (Spanish),746,0.9318505695327352,1.8833778650706665,138,0.0
Native (Spanish),747,0.793001829616235,1.9134992229772032,349,0.0
Native (Spanish),748,0.8792898664833558,1.8762427044912893,68,0.0
Native (Spanish),749,0.8377120061431858,1.8897395789714222,120,0.0
Native (Spanish),750,0.9439837533229151,1.9991264216651956,120,0.0
Native (Spanish),751,0.8281190382740579,1.8806169121654432,132,0.0
Native (Spanish),752,0.7619120212992075,1.6854291897213705,90,0.0
Native (Spanish),753,0.7831675018825839,2.03478145099673,80,0.0
Native (Spanish),754,0.83273396087274,1.4338552753260532,88,0.0
Native (Spanish),755,0.7649039856220451,2.040272656714371,57,0.0
Native (Spanish),756,0.9027189274088625,1.8679667997355702,101,0.0
Native (Spanish),757,0.923409236649073,4.416964767960288,69,0.0
Native (Spanish),758,0.986484373802045,1.1612092419527558,56,0.0
Native (Spanish),759,0.7820515890328003,2.2132416658788348,109,0.0
Native (Spanish),760,0.7823878420542508,2.2901800873671823,90,0.0
Native (Spanish),761,0.962327030559714,1.2662391178834749,137,0.0
Native (Spanish),762,0.8487624809259995,2.6019331655005193,62,0.0
Native (Spanish),763,0.8816072900853941,1.7144433362904425,70,0.0
Native (Spanish),764,0.8513639967415364,1.2352090014075578,85,0.0
Native (Spanish),765,0.8309159372027962,2.3901225576352934,136,0.0
Native (Spanish),766,0.8808252320353488,1.6528560823481926,124,0.0
Native (Spanish),767,0.8451848825284329,1.1951885845799823,640,0.0
Native (Spanish),768,0.8279900710094147,1.979061754227392,178,0.0
Native (Spanish),769,0.8026345342149861,2.70648205928277,258,0.0
Native (Spanish),770,0.802643148380269,3.542085784050201,73,0.0
Native (Spanish),771,0.9966681013898536,4.768813071393825,53,0.0
Native (Spanish),772,0.85079385619675,1.7636771670658922,166,0.0
Native (Spanish),773,0.7774272127270869,1.9447818566353878,67,0.0
Native (Spanish),774,0.8137126792497792,2.5329690951196753,76,0.0
Native (Spanish),775,0.7914970135704116,2.540265155179513,162,0.0
Native (Spanish),776,0.7312104895035703,2.3515826937343984,104,0.0
Native (Spanish),777,0.7986236015148972,2.8116674932591836,171,0.0
Native (Spanish),778,0.7888602811543527,2.375627467789048,100,0.0
Native (Spanish),779,0.7496530011952566,1.8791701389011848,253,0.0
Native (Spanish),780,0.9379072339288127,2.027264864747279,90,0.0
Native (Spanish),781,0.9998007591650382,1.1084358583559168,52,0.0
Native (Spanish),782,0.7811686501990979,2.1175858239352663,67,0.0
Native (Spanish),783,0.9635681623002536,1.4211331523980848,99,0.0
Native (Spanish),784,0.8810693138816762,1.7695784968604524,110,0.0
Native (Spanish),785,0.8552591088806215,1.272378422582467,81,0.0
Native (Spanish),786,0.9966492789948057,1.4508352803761924,67,0.0
Native (Spanish),787,0.8418554546603796,1.8880410475915408,118,0.0
Native (Spanish),788,0.7926620748607407,1.8690032001402919,67,0.0
Native (Spanish),789,0.9533190175074632,1.81427523732006,92,0.0
Native (Spanish),790,0.8482668115448455,1.4644914546340386,163,0.0
Native (Spanish),791,0.8066791074292967,2.2270325768915757,137,0.0
Native (Spanish),792,0.8846311312003009,2.3449929667684377,95,0.0
Native (Spanish),793,0.9896200016043929,1.4033046697425113,75,0.0
Native (Spanish),794,0.8362757963043619,1.8289377757737224,100,0.0
Native (Spanish),795,0.8525140784027379,1.1501447628315657,91,0.0
Native (Spanish),796,0.8159225555845198,2.6644512617443246,144,0.0
Native (Spanish),797,0.6871658145853818,2.4024555445022227,74,0.0
Native (Spanish),798,0.8613095489099775,1.1624218236472563,162,0.0
Native (Spanish),799,0.8924283666584585,2.3174879076292676,68,0.0
Native (Spanish),800,0.8423677415793759,2.297397903032557,156,0.0
Native (Spanish),801,0.8834346429115681,1.568084421444206,97,0.0
Native (Spanish),802,0.9140713202634139,1.0228691337117404,85,0.0
Native (Spanish),803,0.9041954160728025,2.071868536736838,96,0.0
Native (Spanish),804,0.8281616769623,1.5958085357131593,92,0.0
Native (Spanish),805,0.8110841115762397,2.278040106059056,203,0.0
Native (Spanish),806,0.7633697396429485,1.776363061727245,86,0.0
Native (Spanish),807,0.8484473259494243,1.6834069295014382,77,0.0
Native (Spanish),808,0.8546805540304073,1.6215591729142063,111,0.0
Native (Spanish),809,0.8873320914725791,1.62011719474023,77,0.0
Native (Spanish),810,0.7644461491787435,1.8435043591470928,73,0.0
Native (Spanish),811,0.997765905339917,1.1155582458758533,50,0.0
Native (Spanish),812,0.8809613047174009,2.2347027142143596,104,0.0
Native (Spanish),813,0.8904674275812091,2.6671757984485094,63,0.0
Native (Spanish),814,0.8143299596582696,2.485693397176084,64,0.0
Native (Spanish),815,0.862638374906991,1.8652194734886558,95,0.0
Native (Spanish),816,0.9998694603717624,1.3908483111467111,49,0.0
Native (Spanish),817,0.8117040851237343,1.953533525664555,85,0.0
Native (Spanish),818,0.8220064699831316,2.3864487128850773,66,0.0
Native (Spanish),819,0.9274892191255039,1.5387705465040116,169,0.0
Native (Spanish),820,0.8112823912763237,2.291503220897585,93,0.0
Native (Spanish),821,0.933014562740759,1.8371313324526675,171,0.0
Native (Spanish),822,0.8212214252937875,2.376751894077812,205,0.0
Native (Spanish),823,0.9021754964170529,2.1295602967890437,94,0.0
Native (Spanish),824,0.957021094154456,0.8362220715703995,50,0.0
Native (Spanish),825,0.8465340938398986,0.9907272740904208,168,0.0
Native (Spanish),826,0.8133643028545717,2.288280773246589,148,0.0
Native (Spanish),827,0.8040814535166202,3.041522631642442,307,0.0
Native (Spanish),828,0.8215329837735054,2.105942844064892,151,0.0
Native (Spanish),829,0.793398762330963,1.8583508384184149,146,0.0
Native (Spanish),830,0.9573364710352376,1.7812940830614095,48,0.0
Native (Spanish),831,0.7711257977982587,1.4222904912008183,70,0.0
Native (Spanish),832,0.8911556653415893,1.8298568310091583,88,0.0
Native (Spanish),833,0.9694622461893359,1.5176220343628772,54,0.0
Native (Spanish),834,0.8573362264154171,1.205197597106438,92,0.0
Native (Spanish),835,0.7948675964809003,1.9045355446047563,212,0.0
Native (Spanish),836,0.7924187273357716,2.283430499141101,57,0.0
Native (Spanish),837,0.9301082249588888,1.3783897481165746,74,0.0
Native (Spanish),838,0.9093522548512522,2.8483630330536718,53,0.0
Native (Spanish),839,0.8985159396625729,1.955898491845248,300,0.0
Native (Spanish),840,0.8194346557393427,2.7559508539584363,165,0.0
Native (Spanish),841,0.9036026630008243,1.4040873717363653,76,0.0
Native (Spanish),842,0.7714153292340329,1.3369016221376548,115,0.0
Native (Spanish),843,0.8367973269090135,1.9820092557047226,327,0.0
Native (Spanish),844,0.848927709244419,1.1883890857252757,76,0.0
Native (Spanish),845,0.8260773180876783,2.591158600698109,186,0.0
Native (Spanish),846,0.9912236762076314,1.4440957062236155,62,0.0
Native (Spanish),847,0.8141401690711629,1.9489087910076799,297,0.0
Native (Spanish),848,0.8372422010506311,0.7013132081511121,130,0.0
Native (Spanish),849,0.7767018996175399,2.2326295553147046,135,0.0
Native (Spanish),850,0.771162944256407,1.652883025047572,98,0.0
Native (Spanish),851,0.8456760686892426,1.451983618227084,46,0.0
Native (Spanish),852,0.9491851899647612,0.8640226031105727,98,0.0
Native (Spanish),853,0.8644529129850382,1.7712854388001291,72,0.0
Native (Spanish),854,0.734534234482295,1.8527378899209723,52,0.0
Native (Spanish),855,0.8397704810374371,2.2091408807199486,160,0.0
Native (Spanish),856,0.7831240565605783,1.684102311891134,77,0.0
Native (Spanish),857,0.9509138654933115,1.953853383455216,130,0.0
Native (Spanish),858,0.821517897949647,1.5935164166923474,116,0.0
Native (Spanish),859,0.8377534871158404,1.3001766320773216,79,0.0
Native (Spanish),860,0.8168149049178813,2.52946484995541,171,0.0
Native (Spanish),861,0.8031857146458976,2.4655536946392274,74,0.0
Native (Spanish),862,0.8491821891422029,2.22129840205306,145,0.0
Native (Spanish),863,0.9838130310124371,1.3616465717567539,124,0.0
Native (Spanish),864,0.7566475013881272,2.102813748580497,105,0.0
Native (Spanish),865,0.975014240823208,3.0073838336837455,45,0.0
Native (Spanish),866,0.9163381097751292,3.154265809633457,61,0.0
Native (Spanish),867,0.7902597801745144,1.9657849708619632,173,0.0
Native (Spanish),868,0.9964238352192752,1.4039232788637237,46,0.0
Native (Spanish),869,0.8107797054419033,1.8499901209749439,67,0.0
Native (Spanish),870,0.7394272655188862,1.8137435904508434,154,0.0
Native (Spanish),871,0.9121288795316521,1.479612853281219,120,0.0
Native (Spanish),872,0.8424013247574262,1.4136311054199735,81,0.0
Native (Spanish),873,0.89955256719275,0.9983505297080677,47,0.0
Native (Spanish),874,0.790568153388714,2.4295939310619366,181,0.0
Native (Spanish),875,0.8126208180836609,2.596450957035462,122,0.0
Native (Spanish),876,0.8560216475214346,2.1686876312435954,56,0.0
Native (Spanish),877,0.8073657091127223,2.541316288355986,156,0.0
Native (Spanish),878,0.9828697441511096,1.1348919754177098,62,0.0
Native (Spanish),879,0.8899518589841168,2.084944084676454,299,0.0
Native (Spanish),880,0.808691553863799,2.146808723595544,86,0.0
Native (Spanish),881,0.8970718682210683,1.348859062692066,81,0.0
Native (Spanish),882,0.8529486337723298,1.835649212717632,50,0.0
Native (Spanish),883,0.8934402987170461,2.1670078829146933,63,0.0
Native (Spanish),884,0.9213492925140114,1.8146910335455075,84,0.0
Native (Spanish),885,0.8249416716292067,1.4008380950246346,324,0.0
Native (Spanish),886,0.8894794835073316,1.2549632201883751,90,0.0
Native (Spanish),887,0.8500545024585503,2.315200574354855,56,0.0
Native (Spanish),888,0.9232294907196632,2.0469719284057035,80,0.0
Native (Spanish),889,0.8331445693317915,3.518565888582091,50,0.0
Native (Spanish),890,0.7927787502034648,1.8976723520935252,78,0.0
Native (Spanish),891,0.8969000018298638,2.484159585836344,68,0.0
Native (Spanish),892,0.864201665445427,2.020610088023106,45,0.0
Native (Spanish),893,0.8647048293512839,2.0061639553990434,78,0.0
Native (Spanish),894,0.846285897480397,2.793965971152441,112,0.0
Native (Spanish),895,0.8932004400533864,2.15435799769619,139,0.0
Native (Spanish),896,0.8519914500770096,1.2490076931940055,93,0.0
Native (Spanish),897,0.8952782181696779,1.6263377803736738,50,0.0
Native (Spanish),898,0.8266274534078611,1.4414405801328956,133,0.0
Native (Spanish),899,0.77091604262344,1.9257309976354662,142,0.0
Native (Spanish),900,0.7928823456155034,1.4589657200991357,98,0.0
Native (Spanish),901,0.8418444000733796,1.8111169500805426,47,0.0
Native (Spanish),902,0.78088945283521,1.8570503411682018,156,0.0
Native (Spanish),903,0.7212978945000492,1.4691244264468921,74,0.0
Native (Spanish),904,0.9999485210476855,1.3913658054679408,44,0.0
Native (Spanish),905,0.7009223743784759,1.9371843223254501,63,0.0
Native (Spanish),906,0.7996154128923004,2.5646296337906525,84,0.0
Native (Spanish),907,0.7124576129518561,2.092706931139755,338,0.0
Native (Spanish),908,0.7955007866860351,2.102632633117404,106,0.0
Native (Spanish),909,0.8336042615437576,1.8570094838316955,70,0.0
Native (Spanish),910,0.8194855268680561,2.385600977384983,47,0.0
Native (Spanish),911,0.7906709817927475,1.566410657549633,69,0.0
Native (Spanish),912,0.9041591560510016,1.4524428682703985,79,0.0
Native (Spanish),913,0.7913347196213346,2.125554432234677,72,0.0
Native (Spanish),914,0.8022846352155305,1.8967928262443763,75,0.0
Native (Spanish),915,0.7696487315724143,1.6980833006603007,84,0.0
Native (Spanish),916,0.7712161975738877,2.08534301133351,175,0.0
Native (Spanish),917,0.8187600327021347,2.4345303180132594,66,0.0
Native (Spanish),918,0.8095249697759157,2.4804757224719927,63,0.0
Native (Spanish),919,0.7856986736119714,2.0412430583372445,62,0.0
Native (Spanish),920,0.8980156021186999,1.5488038506345696,51,0.0
Native (Spanish),921,0.9076068268021233,1.0044837693022666,81,0.0
Native (Spanish),922,0.9507823870191988,1.896529509791106,127,0.0
Native (Spanish),923,0.7968053307340266,1.6820152105261836,77,0.0
Native (Spanish),924,0.7732788879778811,3.4398734999160876,70,0.0
Native (Spanish),925,0.9475058302134134,1.4402678608885024,66,0.0
Native (Spanish),926,0.9641369782664345,1.2397483771585993,56,0.0
Native (Spanish),927,0.7848554042555994,1.8068955795051536,81,0.0
Native (Spanish),928,0.832496359956763,1.2533792350188544,62,0.0
Native (Spanish),929,0.80395761790569,1.8110206180851798,100,0.0
Native (Spanish),930,0.8005181055849119,2.3437066007769736,108,0.0
Native (Spanish),931,0.7862113075440375,2.3525273666824167,97,0.0
Native (Spanish),932,0.8282876283263343,1.9757076650613548,94,0.0
Native (Spanish),933,0.872731240605735,2.249596544233024,56,0.0
Native (Spanish),934,0.8462123288317206,1.9516282956894886,117,0.0
Native (Spanish),935,0.7820954158079243,2.3064772506330278,56,0.0
Native (Spanish),936,0.9480262834838431,2.022875843089661,65,0.0
Native (Spanish),937,0.8768553444420587,1.93037881785009,205,0.0
Native (Spanish),938,0.8281590928493106,2.3197689746675785,73,0.0
Native (Spanish),939,0.7841489889806473,2.174793103340223,309,0.0
Native (Spanish),940,0.8756954906335374,1.9813882153032067,80,0.0
Native (Spanish),941,0.8439430736176364,2.100068200229302,56,0.0
Native (Spanish),942,0.7949156542866274,1.2470904025232055,101,0.0
Native (Spanish),943,0.8032500009056873,1.9990444506467522,53,0.0
Native (Spanish),944,0.9297894033735586,1.0830434188492177,139,0.0
Native (Spanish),945,0.7560541015086288,2.8468588184687906,225,0.0
Native (Spanish),946,0.8128321627500418,2.002093406481143,74,0.0
Native (Spanish),947,0.7963029580922725,1.1407239684569483,50,0.0
Native (Spanish),948,0.7856366759927675,1.8322699099503954,45,0.0
Native (Spanish),949,0.7945267834182675,2.073532602522392,104,0.0
Native (Spanish),950,0.8608679417962964,1.2846013835882604,142,0.0
Native (Spanish),951,0.8376632419532669,2.2154640482517665,118,0.0
Native (Spanish),952,0.8010320424915263,2.4309505180523225,107,0.0
Native (Spanish),953,0.8041846952693031,2.3415305066131555,102,0.0
Native (Spanish),954,0.9160955347741869,1.5087125384994196,106,0.0
Native (Spanish),955,0.8691383974917164,1.649214310972364,108,0.0
Native (Spanish),956,0.7555452792104019,1.6170780526729291,168,0.0
Native (Spanish),957,0.8178539071897607,1.9112361152641586,140,0.0
Native (Spanish),958,0.8198569027076149,2.622398780039206,112,0.0
Native (Spanish),959,0.8738517274130967,2.157116145895754,157,0.0
Native (Spanish),960,0.8802966482814506,1.7197712348060181,64,0.0
Native (Spanish),961,0.9118144303158326,1.4122197669621057,141,0.0
Native (Spanish),962,0.8508810020379441,1.9343393146613168,141,0.0
Native (Spanish),963,0.8093191095213126,1.5966605486750236,197,0.0
Native (Spanish),964,0.8414203806021654,1.7232491064328683,160,0.0
Native (Spanish),965,0.8162874269569621,1.7597276229596164,141,0.0
Native (Spanish),966,0.9314180420496803,1.8619615529236446,144,0.0
Native (Spanish),967,0.8193971988284967,2.2726245953808095,65,0.0
Global (Mixed),0,0.8312590018178674,1.6215652438065067,7694,0.0
Global (Mixed),1,0.7238717160268369,0.8252978087874928,6033,0.0
Global (Mixed),2,0.8112591665238371,1.7701284311146483,5519,0.0
Global (Mixed),3,0.8159713287391329,1.5413968693248918,5831,0.0
Global (Mixed),4,0.8180370229177851,1.5663532241041602,4397,0.0
Global (Mixed),5,0.8132660146895021,0.6788822511651637,3154,0.0
Global (Mixed),6,0.7492430214657888,1.3907711552317357,2985,0.0
Global (Mixed),7,0.7170014510515633,1.4431094554309278,2847,0.0
Global (Mixed),8,0.93928441070771,1.0054765942349668,3092,0.0
Global (Mixed),9,0.8283758126257909,1.722649683359933,4806,0.0
Global (Mixed),10,0.86119289766145,1.25121204032663,4219,0.0
Global (Mixed),11,0.8664238067068593,0.3901110909553741,2734,0.0
Global (Mixed),12,0.8481188145948029,0.7302001907639031,3189,0.0
Global (Mixed),13,0.7924155177909393,0.7337377218746666,2203,0.0
Global (Mixed),14,0.8858686371012047,1.0815188179659483,2786,0.0
Global (Mixed),15,0.76923359637665,1.061545645880499,2306,0.0
Global (Mixed),16,0.7824270053168167,1.4182289144918638,2452,0.0
Global (Mixed),17,0.7926066956749682,1.1159510002300204,2042,0.0
Global (Mixed),18,0.7949411880579679,1.7198892844140987,1688,0.0
Global (Mixed),19,0.9422753252776117,0.13356710036402494,1765,0.0
Global (Mixed),20,0.7627262067808356,1.136488445445331,2302,0.0
Global (Mixed),21,0.8418746001741944,1.54592556128102,2189,0.0
Global (Mixed),22,0.8377095193472113,1.0559955704021964,1680,0.0
Global (Mixed),23,0.8211935165795401,1.6000694050773823,2853,0.0
Global (Mixed),24,0.6887515247368143,1.3981723991455206,3259,0.0
Global (Mixed),25,0.8453838313189479,0.9016704655667876,2288,0.0
Global (Mixed),26,0.8058432301388119,1.2304929233650712,1666,0.0
Global (Mixed),27,0.7645900500500838,1.521123972575338,1369,0.0
Global (Mixed),28,0.8932943517159659,0.3728550644795402,1680,0.0
Global (Mixed),29,0.8148432145577884,1.4243891137063323,1788,0.0
Global (Mixed),30,0.8192390973459202,0.45750859050385206,1525,0.0
Global (Mixed),31,0.7617546865497863,0.8943787112613559,1887,0.0
Global (Mixed),32,0.8830871815850796,1.0370857177616848,1946,0.0
Global (Mixed),33,0.780222205660532,1.735543097614205,1842,0.0
Global (Mixed),34,0.6803278195404396,1.2890596596429527,1435,0.0
Global (Mixed),35,0.7892305626543578,1.4356758816196438,1504,0.0
Global (Mixed),36,0.8068110231660404,1.1991290076350591,1275,0.0
Global (Mixed),37,0.6281114286743644,1.2395752114679288,1416,0.0
Global (Mixed),38,0.9165649308467387,0.22086360283285908,1480,0.0
Global (Mixed),39,0.8099150761879979,0.9374663211746043,1612,0.0
Global (Mixed),40,0.8589379122318864,1.0621090417608783,1181,0.0
Global (Mixed),41,0.7826516509634317,1.380270470905451,1335,0.0
Global (Mixed),42,0.9542729763186578,0.8303718861371968,1406,0.0
Global (Mixed),43,0.8646946430378493,0.6677149243927195,1505,0.0
Global (Mixed),44,0.8284625822416426,0.9553968811542635,2141,0.0
Global (Mixed),45,0.8808156068299154,0.4362336353042816,1587,0.0
Global (Mixed),46,0.7960697926876367,1.1736374191644672,1160,0.0
Global (Mixed),47,0.7733593782289407,0.8559125258310382,1737,0.0
Global (Mixed),48,0.8157209112326109,1.5570950279307034,1429,0.0
Global (Mixed),49,0.7809027978466828,1.666285829802241,1279,0.0
Global (Mixed),50,0.8559177522405569,1.8859035280943,1275,0.0
Global (Mixed),51,0.6832415930478832,1.550977277037156,1136,0.0
Global (Mixed),52,0.8028589025809474,1.721275041160305,1291,0.0
Global (Mixed),53,0.7863123523350188,1.2100143080721424,1046,0.0
Global (Mixed),54,0.8422036564034427,1.2694586585244003,1029,0.0
Global (Mixed),55,0.8345601842587005,1.30810619017162,1409,0.0
Global (Mixed),56,0.8530993411737461,1.3395226551585588,1540,0.0
Global (Mixed),57,0.8430991906492034,4.231077787081838,947,0.0
Global (Mixed),58,0.7899794275286878,1.7257311048894368,1522,0.0
Global (Mixed),59,0.7585581951069091,1.149096751513884,896,0.0
Global (Mixed),60,0.735423157380787,1.6777488200628978,1084,0.0
Global (Mixed),61,0.731557801179478,0.7808128675455496,911,0.0
Global (Mixed),62,0.8464859347952689,0.8269465388352603,960,0.0
Global (Mixed),63,0.95641844608554,0.1157857392754223,971,0.0
Global (Mixed),64,0.7571302913181621,1.4818812438547955,981,0.0
Global (Mixed),65,0.7301197291628775,1.218446357852064,991,0.0
Global (Mixed),66,0.5860533248274401,1.6684809630783224,930,0.0
Global (Mixed),67,0.838686233298473,1.3311465911150884,1047,0.0
Global (Mixed),68,0.7895335930341101,1.5594573783445147,913,0.0
Global (Mixed),69,0.8190410793467946,1.5063177408722594,935,0.0
Global (Mixed),70,0.8821402313172114,1.1024903171615354,1320,0.0
Global (Mixed),71,0.7773464425498456,0.7447329684015155,1150,0.0
Global (Mixed),72,0.8255645587411867,1.5920900323195488,1649,0.0
Global (Mixed),73,0.9681900088878209,0.13493515421973953,962,0.0
Global (Mixed),74,0.7408541300632292,1.2011484930991236,780,0.0
Global (Mixed),75,0.7768185671045681,1.4525446723876059,867,0.0
Global (Mixed),76,0.8371573860170793,1.3868387375362725,802,0.0
Global (Mixed),77,0.7531853247392863,1.069886817928129,910,0.0
Global (Mixed),78,0.8089828855684221,0.5460996326078942,1144,0.0
Global (Mixed),79,0.7957319209524378,1.42051233117743,812,0.0
Global (Mixed),80,0.8979650008603052,0.6963546019966841,1005,0.0
Global (Mixed),81,0.7271248752840517,2.0610557296081717,839,0.0
Global (Mixed),82,0.8694298241126003,1.596374258621467,995,0.0
Global (Mixed),83,0.7849560531372891,0.6251661604700225,1090,0.0
Global (Mixed),84,0.8699406269368559,1.0371404248592622,1200,0.0
Global (Mixed),85,0.7629256354343787,1.15936529376371,744,0.0
Global (Mixed),86,0.7144297897031622,1.416692548873211,864,0.0
Global (Mixed),87,0.7751483763698557,1.054335693827812,781,0.0
Global (Mixed),88,0.8380941530759082,1.3164228870184813,937,0.0
Global (Mixed),89,0.9215514166485572,0.15843251984650691,929,0.0
Global (Mixed),90,0.7144122329345357,1.1687199210654453,741,0.0
Global (Mixed),91,0.7120569415234043,1.8412963504659765,705,0.0
Global (Mixed),92,0.8076435276165221,0.7382475129587348,977,0.0
Global (Mixed),93,0.4664765250508841,1.3711751464152024,759,0.0
Global (Mixed),94,0.7960260800383271,1.3233285690554975,788,0.0
Global (Mixed),95,0.7984835478120357,1.4608922553146486,1007,0.0
Global (Mixed),96,0.7884196827031713,1.3019913211358325,795,0.0
Global (Mixed),97,0.6248966037230979,1.4239671050318923,753,0.0
Global (Mixed),98,0.7589288971274647,1.0298503194037372,933,0.0
Global (Mixed),99,0.9109638821089278,0.7986457372912298,1100,0.0
Global (Mixed),100,0.8486365120608786,1.092623095330441,897,0.0
Global (Mixed),101,0.809059003375404,1.377689358076038,1191,0.0
Global (Mixed),102,0.7841146760768765,1.260067556308406,678,0.0
Global (Mixed),103,0.5714483219670308,1.776165410221298,673,0.0
Global (Mixed),104,0.7874553959026892,1.3076675408968501,757,0.0
Global (Mixed),105,0.7979134448513333,1.3836289494064897,927,0.0
Global (Mixed),106,0.9290924049218349,0.3150197730068362,682,0.0
Global (Mixed),107,0.7616804962276713,1.1962250052950891,814,0.0
Global (Mixed),108,0.6948951964116433,1.3551427943702803,667,0.0
Global (Mixed),109,0.7424218558240516,1.1630321016492584,729,0.0
Global (Mixed),110,0.8744398470526841,1.1426011754593817,1024,0.0
Global (Mixed),111,0.7367223834076833,1.2769294828810493,689,0.0
Global (Mixed),112,0.8352476399111669,1.6980191237865412,900,0.0
Global (Mixed),113,0.8780689169333709,1.0772828442022315,1189,0.0
Global (Mixed),114,0.8373601707841785,1.0969127785328037,891,0.0
Global (Mixed),115,0.9900674113218755,0.02200204463330166,617,0.0
Global (Mixed),116,0.7991148504820104,0.675520036896368,654,0.0
Global (Mixed),117,0.9401525643305584,0.875025014436769,633,0.0
Global (Mixed),118,0.8570781686721366,1.2231952009630587,970,0.0
Global (Mixed),119,0.8636384875348416,1.5127472716278145,798,0.0
Global (Mixed),120,0.7855229568562453,1.0838542216044789,674,0.0
Global (Mixed),121,0.802037453170226,0.8421526956404182,1024,0.0
Global (Mixed),122,0.6875317040901382,1.5202925865176413,969,0.0
Global (Mixed),123,0.8887764804077328,1.0683313554017173,966,0.0
Global (Mixed),124,0.887495255210773,0.9424423942293945,859,0.0
Global (Mixed),125,0.8015533414272246,0.7434078264506425,724,0.0
Global (Mixed),126,0.8199417991650788,0.7430512096599677,1027,0.0
Global (Mixed),127,0.77075666582258,1.5769349029519624,603,0.0
Global (Mixed),128,0.8457950589386576,1.1902344808591085,887,0.0
Global (Mixed),129,0.8404948778413242,1.287218148698797,627,0.0
Global (Mixed),130,0.8785451852553732,1.3632087556995842,659,0.0
Global (Mixed),131,0.8115544030515823,1.3975346960618753,598,0.0
Global (Mixed),132,0.8472957201619076,1.3295030746215546,927,0.0
Global (Mixed),133,0.8265135896992999,1.5387655203677482,607,0.0
Global (Mixed),134,0.7936643864012927,0.7594301769270189,722,0.0
Global (Mixed),135,0.7848643318958831,1.9881801547415046,726,0.0
Global (Mixed),136,0.7751036508578333,0.970605972209879,578,0.0
Global (Mixed),137,0.6955001557679336,1.496881214097217,614,0.0
Global (Mixed),138,0.7677562005233779,0.9777736936121515,551,0.0
Global (Mixed),139,0.8302091823777681,1.6835733983078947,955,0.0
Global (Mixed),140,0.7870215218003637,1.350310004519847,641,0.0
Global (Mixed),141,0.8242902097521523,1.6891099337724271,577,0.0
Global (Mixed),142,0.7674398885183916,1.5805733749815563,646,0.0
Global (Mixed),143,0.7924393875995759,0.8258599954173281,606,0.0
Global (Mixed),144,0.8249420327554707,1.6031070288967053,603,0.0
Global (Mixed),145,0.9049668913153516,1.4471238511438567,759,0.0
Global (Mixed),146,0.775286354187586,0.9077515708726899,532,0.0
Global (Mixed),147,0.7984197721972083,1.3801986629558878,531,0.0
Global (Mixed),148,0.8152274924510924,1.2684367815682986,542,0.0
Global (Mixed),149,0.8935208392444169,0.8822974811977331,663,0.0
Global (Mixed),150,0.8416063625318795,1.2947458996868,813,0.0
Global (Mixed),151,0.810205377419772,1.0961120203140589,735,0.0
Global (Mixed),152,0.7830573230619696,0.9469475723098049,683,0.0
Global (Mixed),153,0.823715417516849,0.6474241799366406,687,0.0
Global (Mixed),154,0.8327280044433039,1.2004767061989678,1026,0.0
Global (Mixed),155,0.787061722424451,1.046242461750139,580,0.0
Global (Mixed),156,0.39938736730733526,1.516531629000638,516,0.0
Global (Mixed),157,0.7775175950385409,0.9307701345765371,572,0.0
Global (Mixed),158,0.5416541430852092,1.7378170519549623,507,0.0
Global (Mixed),159,0.8145651254124261,0.5721303284930825,546,0.0
Global (Mixed),160,0.6739364257049327,1.0052278239329104,500,0.0
Global (Mixed),161,0.8199067253602745,0.6276182099068834,527,0.0
Global (Mixed),162,0.8687742078123291,0.6947009023397211,487,0.0
Global (Mixed),163,0.8208334547032425,1.0989787634178316,463,0.0
Global (Mixed),164,0.7181581907944207,1.0931997410016367,486,0.0
Global (Mixed),165,0.7286904682204581,1.8745391687284008,560,0.0
Global (Mixed),166,0.8206232888815185,1.476402081153628,594,0.0
Global (Mixed),167,0.8237991556138881,1.533343968957642,485,0.0
Global (Mixed),168,0.7735697972177448,1.3570230979362545,489,0.0
Global (Mixed),169,0.8283028007204442,1.4603635088051965,443,0.0
Global (Mixed),170,0.7473987125130395,1.0442822357575305,554,0.0
Global (Mixed),171,0.8731002120721799,1.1245135777094284,644,0.0
Global (Mixed),172,0.7491859387686852,1.2537900670946596,457,0.0
Global (Mixed),173,0.8348300255263873,1.486686956503124,520,0.0
Global (Mixed),174,0.9102879208157402,1.01274162726974,612,0.0
Global (Mixed),175,0.7801311503287582,0.8882521081136677,476,0.0
Global (Mixed),176,0.8197947518746068,0.9599020934735766,628,0.0
Global (Mixed),177,0.8707867207983432,1.8716888940282057,524,0.0
Global (Mixed),178,0.7814194577268306,0.32028244066345635,674,0.0
Global (Mixed),179,0.7711834279391648,1.4764490032092392,861,0.0
Global (Mixed),180,0.795991473757995,1.1538189417635953,780,0.0
Global (Mixed),181,0.8873556056435252,0.5174604232011528,610,0.0
Global (Mixed),182,0.8452617531020069,0.6656730040554016,479,0.0
Global (Mixed),183,0.7735425607368739,1.5323539225246188,458,0.0
Global (Mixed),184,0.7390476995857334,1.1559086924955115,483,0.0
Global (Mixed),185,0.9131627723300381,1.040280058170799,689,0.0
Global (Mixed),186,0.836015293595696,0.6636898657687308,631,0.0
Global (Mixed),187,0.7439962145381986,1.378536693940048,515,0.0
Global (Mixed),188,0.8279062832708478,0.7565547796748825,536,0.0
Global (Mixed),189,0.7963411137090676,1.3740717372733668,696,0.0
Global (Mixed),190,0.7984825708804698,1.5025487988196382,649,0.0
Global (Mixed),191,0.7564517217037946,1.0315331124086413,534,0.0
Global (Mixed),192,0.7544080484605103,1.418442201437664,399,0.0
Global (Mixed),193,0.746857692607854,1.6540199414719687,622,0.0
Global (Mixed),194,0.7836287138848794,1.2734154600548415,585,0.0
Global (Mixed),195,0.7777127058690032,0.861669141079914,629,0.0
Global (Mixed),196,0.8521330495321413,1.2307478428681362,663,0.0
Global (Mixed),197,0.7697534171101071,1.8970260042302938,585,0.0
Global (Mixed),198,0.8137888172498952,1.5684392774501037,484,0.0
Global (Mixed),199,0.8580823714130836,0.49934425166090496,446,0.0
Global (Mixed),200,0.8805885957809377,1.0274035399846904,542,0.0
Global (Mixed),201,0.8122645671350369,0.76962228261281,457,0.0
Global (Mixed),202,0.8017198816047162,1.3663149247442583,542,0.0
Global (Mixed),203,0.837261817554199,0.48950398804015505,514,0.0
Global (Mixed),204,0.8080462382682115,1.29649116748297,422,0.0
Global (Mixed),205,0.8010204297672411,0.8341338971496799,431,0.0
Global (Mixed),206,0.8332953526586717,1.883327015687159,386,0.0
Global (Mixed),207,0.7979730821667521,1.5050021893695271,479,0.0
Global (Mixed),208,0.8347134931121821,1.506052078086113,433,0.0
Global (Mixed),209,0.8378004039287151,1.13895653002157,636,0.0
Global (Mixed),210,0.758634745178692,1.014703674899679,455,0.0
Global (Mixed),211,0.7962609081853889,1.510983656504221,822,0.0
Global (Mixed),212,0.7139704772865714,1.3838564999806258,393,0.0
Global (Mixed),213,0.7650176988004131,1.0277496069509209,474,0.0
Global (Mixed),214,0.8008269771957303,0.706869508401155,603,0.0
Global (Mixed),215,0.7776837582796982,1.8230805446894314,842,0.0
Global (Mixed),216,0.8063977804014071,1.4309190982394895,430,0.0
Global (Mixed),217,0.7620541653310191,1.4698028330374975,460,0.0
Global (Mixed),218,0.5984773504679837,1.5239942935887856,401,0.0
Global (Mixed),219,0.9049465199472246,0.4723173915464174,351,0.0
Global (Mixed),220,0.6942296401755796,1.164207362017182,383,0.0
Global (Mixed),221,0.8273156043583638,1.6217813137198334,529,0.0
Global (Mixed),222,0.8088131483494938,1.3781122428993977,393,0.0
Global (Mixed),223,0.7877302576958249,1.1472558470647867,343,0.0
Global (Mixed),224,0.928467758580354,0.9113084774638417,462,0.0
Global (Mixed),225,0.7297342697133442,0.7760449018613141,415,0.0
Global (Mixed),226,0.7836080024202382,0.9711391910230235,376,0.0
Global (Mixed),227,0.5345694657118575,1.5654391707949997,367,0.0
Global (Mixed),228,0.801432456847667,1.4360546090015516,431,0.0
Global (Mixed),229,0.932326915565019,0.34049068715270214,360,0.0
Global (Mixed),230,0.822076946591101,1.4238035366360302,395,0.0
Global (Mixed),231,0.7768804861315048,1.1338836931758534,496,0.0
Global (Mixed),232,0.7356399278304253,1.039003998227913,397,0.0
Global (Mixed),233,0.8887042522416743,1.3795564814104935,697,0.0
Global (Mixed),234,0.6682539998633836,1.0855252729963585,369,0.0
Global (Mixed),235,0.6933237717089675,1.4670345006245478,321,0.0
Global (Mixed),236,0.8915461088346852,1.3593779642674857,489,0.0
Global (Mixed),237,0.7012011907637102,1.1325518365504847,616,0.0
Global (Mixed),238,0.7843546937178472,1.6735205426422242,414,0.0
Global (Mixed),239,0.7293429640152976,1.6421378090395347,383,0.0
Global (Mixed),240,0.7668735337187663,0.9431903908376459,418,0.0
Global (Mixed),241,0.7331548066088864,1.0237890541882069,361,0.0
Global (Mixed),242,0.8196771516857221,1.5545128125988772,426,0.0
Global (Mixed),243,0.7910265464323972,1.1562370751753726,365,0.0
Global (Mixed),244,0.6403213036412108,1.6859289936902009,538,0.0
Global (Mixed),245,0.8478568952455121,1.7612015780721257,352,0.0
Global (Mixed),246,0.7746116166288823,0.4571068475522215,329,0.0
Global (Mixed),247,0.8184019425369483,0.9924697897603538,486,0.0
Global (Mixed),248,0.8139608885734031,1.0941213209299223,465,0.0
Global (Mixed),249,0.822320297983271,1.3865789668316058,485,0.0
Global (Mixed),250,0.8868762794010644,1.485991525149491,384,0.0
Global (Mixed),251,0.7397025727956759,1.6671679780252089,339,0.0
Global (Mixed),252,0.72117159727587,0.995667740508734,341,0.0
Global (Mixed),253,0.7523797332573834,1.9945590148836332,335,0.0
Global (Mixed),254,0.8186068461099132,1.0196643701415073,544,0.0
Global (Mixed),255,0.760504595874495,1.6183708154001586,360,0.0
Global (Mixed),256,0.9200130467364079,0.25605351377271596,506,0.0
Global (Mixed),257,0.8695279875141553,1.167604371646685,634,0.0
Global (Mixed),258,0.8181797293936687,1.111406222631947,395,0.0
Global (Mixed),259,0.9183914647504465,0.7770734806106323,569,0.0
Global (Mixed),260,0.8528016053860655,1.8727282906813596,336,0.0
Global (Mixed),261,0.5669730826936196,1.7622042134301363,440,0.0
Global (Mixed),262,0.6883393063792839,1.063630655922297,386,0.0
Global (Mixed),263,0.5696526848160899,1.3607158764693859,352,0.0
Global (Mixed),264,0.7594652324579507,1.2979833693058014,303,0.0
Global (Mixed),265,0.8014360699798442,0.7391126638721638,361,0.0
Global (Mixed),266,0.6937551624719557,1.0582005537559136,354,0.0
Global (Mixed),267,0.7877103306609194,1.2383946373760901,324,0.0
Global (Mixed),268,0.7915290471421415,1.4218463663271368,350,0.0
Global (Mixed),269,0.8096798122244702,1.2126305235772898,421,0.0
Global (Mixed),270,0.7927786840230019,1.356530309876879,434,0.0
Global (Mixed),271,0.7402394467062534,1.1931004415986948,320,0.0
Global (Mixed),272,0.6440309217110849,3.341923301555199,479,0.0
Global (Mixed),273,0.7555916712728743,1.6664686116170007,340,0.0
Global (Mixed),274,0.7677581688932038,1.3149005449426878,341,0.0
Global (Mixed),275,0.8384449512492718,1.6756232054400912,366,0.0
Global (Mixed),276,0.8393052236939299,1.462467749312728,389,0.0
Global (Mixed),277,0.8319309850894397,1.2431838357064144,340,0.0
Global (Mixed),278,0.7956113930323442,1.3399745220019221,495,0.0
Global (Mixed),279,0.7851983625073434,0.9166449793839265,443,0.0
Global (Mixed),280,0.6532254411632803,1.4597216669231408,313,0.0
Global (Mixed),281,0.8373790620962666,0.6765599681115697,449,0.0
Global (Mixed),282,0.7905614727935214,1.5952206950318195,490,0.0
Global (Mixed),283,0.7362816594340341,1.0917952534515034,353,0.0
Global (Mixed),284,0.7672649124382863,1.5877237216606848,326,0.0
Global (Mixed),285,0.83131353048371,1.5483149632490685,348,0.0
Global (Mixed),286,0.8379581701940189,1.2162565397663425,571,0.0
Global (Mixed),287,0.6624957722268157,1.2801163141779552,299,0.0
Global (Mixed),288,0.8983111056491186,0.5831663937897665,530,0.0
Global (Mixed),289,0.7872870266912984,1.5864112545747449,302,0.0
Global (Mixed),290,0.8962975706455959,1.051787588320027,472,0.0
Global (Mixed),291,0.8166614416878322,0.5573068706780667,479,0.0
Global (Mixed),292,0.8351003572584184,1.3170362060819172,330,0.0
Global (Mixed),293,0.7169540695118862,1.3223681752546486,348,0.0
Global (Mixed),294,0.7387181855349082,1.4669725248612555,312,0.0
Global (Mixed),295,0.8995659223133595,0.6826912309380256,357,0.0
Global (Mixed),296,0.7844684244492452,1.745571628073865,467,0.0
Global (Mixed),297,0.722195479739569,1.610367716079043,326,0.0
Global (Mixed),298,0.6574592762909153,1.4416960966820518,300,0.0
Global (Mixed),299,0.5847833154067401,1.110483673357122,293,0.0
Global (Mixed),300,0.8053669995772653,1.6589902744879956,275,0.0
Global (Mixed),301,0.807786403772552,1.354311385613667,356,0.0
Global (Mixed),302,0.8015471265320498,1.1597707106260235,378,0.0
Global (Mixed),303,0.8195897907125238,0.7165743523565841,391,0.0
Global (Mixed),304,0.9080162561298859,0.261013944211578,390,0.0
Global (Mixed),305,0.9347836354288527,0.8875299377913161,263,0.0
Global (Mixed),306,0.750383997004462,1.7624835223466928,362,0.0
Global (Mixed),307,0.8853983783662599,1.2525917467355285,304,0.0
Global (Mixed),308,0.8085254132979883,0.9837557378231313,304,0.0
Global (Mixed),309,0.8342817770494144,1.5035154222283549,291,0.0
Global (Mixed),310,0.8213934673519738,1.490470203987997,284,0.0
Global (Mixed),311,0.8789612430130334,1.5046500037910875,324,0.0
Global (Mixed),312,0.9034056626787077,0.9918320094037466,425,0.0
Global (Mixed),313,0.8324693223551979,1.8025597048478084,368,0.0
Global (Mixed),314,0.7625350982677741,1.0232445145594404,330,0.0
Global (Mixed),315,0.8662680738599176,1.3898249782901342,410,0.0
Global (Mixed),316,0.8027676259932314,1.5956095552026814,294,0.0
Global (Mixed),317,0.8800863259733392,0.3550371046460396,293,0.0
Global (Mixed),318,0.8302434999020772,1.331733304442143,410,0.0
Global (Mixed),319,0.6546815970077361,1.0494274466168318,337,0.0
Global (Mixed),320,0.35687152475739325,1.0682569493206064,279,0.0
Global (Mixed),321,0.7943841124808119,0.5996421354995125,436,0.0
Global (Mixed),322,0.8257265937005891,0.9274100682791593,306,0.0
Global (Mixed),323,0.5463740886480717,1.4728535395691187,288,0.0
Global (Mixed),324,0.7202642943072919,1.735216165929765,320,0.0
Global (Mixed),325,0.8313296905187824,1.3521130660600404,355,0.0
Global (Mixed),326,0.7893175783934139,1.00733696203613,367,0.0
Global (Mixed),327,0.8286604741303905,1.0239181117638299,325,0.0
Global (Mixed),328,0.8210709153974776,0.8949713947174943,309,0.0
Global (Mixed),329,0.8787356963061544,1.4761972992603185,417,0.0
Global (Mixed),330,0.809898264356521,1.2901032907834866,312,0.0
Global (Mixed),331,0.8243475706960764,1.6920670076779947,286,0.0
Global (Mixed),332,0.7184580030151457,1.304858299800043,263,0.0
Global (Mixed),333,0.7376796437853744,1.0832303517210669,293,0.0
Global (Mixed),334,0.7682458798293202,1.5330499007896645,277,0.0
Global (Mixed),335,0.7611597525355732,1.524465307463799,264,0.0
Global (Mixed),336,0.7210431926152503,1.1097014608681448,231,0.0
Global (Mixed),337,0.6905698005524827,1.3657577209954943,245,0.0
Global (Mixed),338,0.6124077060323991,1.4345726396295546,272,0.0
Global (Mixed),339,0.9510794184530075,0.2350220613634757,250,0.0
Global (Mixed),340,0.8020443979533831,1.3704995241241849,245,0.0
Global (Mixed),341,0.8516428136965104,1.3834711819475212,335,0.0
Global (Mixed),342,0.8003487078635767,1.58557178474017,245,0.0
Global (Mixed),343,0.7611415581678074,1.840551548728848,270,0.0
Global (Mixed),344,0.7889938774022693,1.5865110576509125,308,0.0
Global (Mixed),345,0.8081816276404029,1.3771719132397813,273,0.0
Global (Mixed),346,0.814121859461725,1.3179760930642193,277,0.0
Global (Mixed),347,0.8954587630220343,1.3517065845596763,333,0.0
Global (Mixed),348,0.7558630125357703,0.9913980409899703,246,0.0
Global (Mixed),349,0.7969689303315755,0.29694673706181907,274,0.0
Global (Mixed),350,0.8278354670709823,1.4795032312267704,337,0.0
Global (Mixed),351,0.799675051696433,1.5704857187562036,276,0.0
Global (Mixed),352,0.7628047604327258,1.3812999337225687,229,0.0
Global (Mixed),353,0.6342785686717506,0.7037090139227371,371,0.0
Global (Mixed),354,0.8300217161172739,1.170137426752293,331,0.0
Global (Mixed),355,0.6337976226191049,1.4464998519589267,270,0.0
Global (Mixed),356,0.8162701990976386,0.71070720017046,263,0.0
Global (Mixed),357,0.687787468588497,1.4680553722400953,259,0.0
Global (Mixed),358,0.7785575187692847,0.8597269514316384,272,0.0
Global (Mixed),359,0.8131200859796253,1.001756744731825,227,0.0
Global (Mixed),360,0.6699758095382102,1.2852941634515993,247,0.0
Global (Mixed),361,0.7203237103264184,1.403287175006472,273,0.0
Global (Mixed),362,0.8718315962919525,1.3926128041884078,219,0.0
Global (Mixed),363,0.847436965823541,1.4150676512923492,242,0.0
Global (Mixed),364,0.8076993731413213,2.121953716834466,408,0.0
Global (Mixed),365,0.8528192102901496,1.4872160202313032,386,0.0
Global (Mixed),366,0.7370228470896316,1.2948868212700635,287,0.0
Global (Mixed),367,0.47992629576557483,0.8317273585145543,353,0.0
Global (Mixed),368,0.731419031685257,1.4078985724741473,232,0.0
Global (Mixed),369,0.8360798739296144,0.3864577465415419,252,0.0
Global (Mixed),370,0.8281794488470365,1.4565159039949103,308,0.0
Global (Mixed),371,0.9478247886237191,0.6099859769580658,234,0.0
Global (Mixed),372,0.8421034331255381,1.3041219272812192,237,0.0
Global (Mixed),373,0.7686798275242023,0.9685039865219748,246,0.0
Global (Mixed),374,0.8061279999589329,1.4224126669356223,395,0.0
Global (Mixed),375,0.7910619131602222,1.897031817839523,289,0.0
Global (Mixed),376,0.9225870864507464,0.38667498483859986,221,0.0
Global (Mixed),377,0.5640709287326078,1.4804160499506551,387,0.0
Global (Mixed),378,0.7332734806526139,1.288171734974839,235,0.0
Global (Mixed),379,0.7297179076539347,1.4602430459099462,226,0.0
Global (Mixed),380,0.8968175741997123,1.444590879608434,239,0.0
Global (Mixed),381,0.7839190643433788,1.4289366354373498,254,0.0
Global (Mixed),382,0.9524452587428449,0.17739846570434523,211,0.0
Global (Mixed),383,0.8435524730092436,1.2301261004375519,395,0.0
Global (Mixed),384,0.7635936474366931,0.7492120264850413,270,0.0
Global (Mixed),385,0.6560374269372645,1.761211468641774,312,0.0
Global (Mixed),386,0.7861604302431834,1.0610059390583586,363,0.0
Global (Mixed),387,0.8228038125025283,2.0925236465552786,305,0.0
Global (Mixed),388,0.7789921094196419,1.296614536696372,290,0.0
Global (Mixed),389,0.824748084554728,1.309607643335779,245,0.0
Global (Mixed),390,0.6912692447609796,1.360632444310675,224,0.0
Global (Mixed),391,0.7325383893221462,1.3448191816794164,240,0.0
Global (Mixed),392,0.8046312386305158,0.8918868404357737,220,0.0
Global (Mixed),393,0.7750911550977513,1.2536912201534018,231,0.0
Global (Mixed),394,0.7766993788222031,1.3095948243748328,253,0.0
Global (Mixed),395,0.7557211901472101,1.2782732067761091,264,0.0
Global (Mixed),396,0.37230194584117643,1.4533814967623802,275,0.0
Global (Mixed),397,0.765352774623373,0.9706451942505964,248,0.0
Global (Mixed),398,0.8277737003266271,1.4608349667566198,225,0.0
Global (Mixed),399,0.8190653316020653,1.160616981831493,507,0.0
Global (Mixed),400,0.7332879650072596,1.088635536139585,267,0.0
Global (Mixed),401,0.8320450130113279,1.5741810977360695,309,0.0
Global (Mixed),402,0.7553972061238291,1.6711281073984232,354,0.0
Global (Mixed),403,0.833637406239707,1.3751004798070434,286,0.0
Global (Mixed),404,0.6709539544342193,1.2003528644905734,215,0.0
Global (Mixed),405,0.7703410310126306,0.8432360480575629,257,0.0
Global (Mixed),406,0.6781208292615104,1.4047181879838093,218,0.0
Global (Mixed),407,0.7621786921091374,0.7879139565651198,251,0.0
Global (Mixed),408,0.8119809302599968,1.2883027360619808,314,0.0
Global (Mixed),409,0.7094598371546675,1.637403282827383,221,0.0
Global (Mixed),410,0.6938390628176511,1.2018575856817881,218,0.0
Global (Mixed),411,0.6190153715382822,1.4602108083785599,206,0.0
Global (Mixed),412,0.8262163167375115,1.8066906566921888,208,0.0
Global (Mixed),413,0.8342637250159035,1.1359416717910704,241,0.0
Global (Mixed),414,0.9284281797494622,0.9008668820151107,229,0.0
Global (Mixed),415,0.8339693110403429,1.0915542906667952,300,0.0
Global (Mixed),416,0.8032163076964732,1.4480633209225868,220,0.0
Global (Mixed),417,0.7754961981633788,0.6121809763472682,309,0.0
Global (Mixed),418,0.7231668203255605,0.8386881362538334,236,0.0
Global (Mixed),419,0.745075805739567,0.513726118077115,254,0.0
Global (Mixed),420,0.7181605764734863,1.4648922299953828,241,0.0
Global (Mixed),421,0.8521961974946173,1.218051998546525,340,0.0
Global (Mixed),422,0.6598525290009507,1.1095774030485819,573,0.0
Global (Mixed),423,0.7345973608328693,1.2454408850973082,225,0.0
Global (Mixed),424,0.843546379115542,0.8696677268618848,225,0.0
Global (Mixed),425,0.734321821568019,1.1097200531166127,214,0.0
Global (Mixed),426,0.8398151547575848,0.7347790402023407,387,0.0
Global (Mixed),427,0.8629975321364523,1.3172662470007601,193,0.0
Global (Mixed),428,0.8158116346538866,1.9003741304430002,318,0.0
Global (Mixed),429,0.6643985191506764,1.412206630669154,323,0.0
Global (Mixed),430,0.7147424819852763,1.0020370568217232,221,0.0
Global (Mixed),431,0.849036567289713,0.6624642336306796,293,0.0
Global (Mixed),432,0.7501510189208875,1.5815353805845185,212,0.0
Global (Mixed),433,0.8115231216915928,1.6419580727240013,373,0.0
Global (Mixed),434,0.7584159442096527,1.4384848389036027,385,0.0
Global (Mixed),435,0.7403734033406112,1.300534434561777,263,0.0
Global (Mixed),436,0.8308365954580959,1.3851515193690855,273,0.0
Global (Mixed),437,0.6650131774566022,1.4207154789570329,199,0.0
Global (Mixed),438,0.7597551399538444,1.5331780029085529,192,0.0
Global (Mixed),439,0.8832456279408772,1.0059694258848255,256,0.0
Global (Mixed),440,0.8396594586144206,0.5086532454474197,238,0.0
Global (Mixed),441,0.7814328565708634,0.8876462638407505,362,0.0
Global (Mixed),442,0.7056586308284988,1.0454224612862948,263,0.0
Global (Mixed),443,0.7789773461062088,1.4084941701157139,243,0.0
Global (Mixed),444,0.7619000686630262,1.336366366003896,196,0.0
Global (Mixed),445,0.7084345791534438,0.8560064380537121,232,0.0
Global (Mixed),446,0.8220008612465054,1.4359601358488205,281,0.0
Global (Mixed),447,0.7656014724535904,1.5123369474074295,264,0.0
Global (Mixed),448,0.85368651118634,0.48661193451883145,267,0.0
Global (Mixed),449,0.7908372055840147,1.7280299084083988,273,0.0
Global (Mixed),450,0.7415923965795809,1.3335465107439513,192,0.0
Global (Mixed),451,0.8299352193765341,0.866323934315179,199,0.0
Global (Mixed),452,0.8092752809131194,1.6796643006385554,205,0.0
Global (Mixed),453,0.600033602633641,1.8323957546030016,276,0.0
Global (Mixed),454,0.9252377246103693,0.8901684814058096,232,0.0
Global (Mixed),455,0.7976480506565172,0.735853821521635,240,0.0
Global (Mixed),456,0.7996617831466116,1.2207586040616625,265,0.0
Global (Mixed),457,0.8142357043211078,1.4978335569804366,199,0.0
Global (Mixed),458,0.859687509294399,1.3971552875376088,203,0.0
Global (Mixed),459,0.7435835490644473,1.1145423296631953,304,0.0
Global (Mixed),460,0.7886150797500668,0.4989409673062932,183,0.0
Global (Mixed),461,0.6926257769986857,1.2902869158771317,190,0.0
Global (Mixed),462,0.7985384729086187,0.8674774371665963,255,0.0
Global (Mixed),463,0.8279559657171343,1.641366759333876,504,0.0
Global (Mixed),464,0.5450317863573808,1.9455688033530232,198,0.0
Global (Mixed),465,0.4284107766223114,1.1925507079493232,220,0.0
Global (Mixed),466,0.7236543646983852,1.0784649558741215,225,0.0
Global (Mixed),467,0.751285359341105,0.9393312981138334,396,0.0
Global (Mixed),468,0.8423278657540991,1.27397130155325,218,0.0
Global (Mixed),469,0.8296465495512809,0.7166489554935392,192,0.0
Global (Mixed),470,0.7343602984371287,1.6203535968080875,197,0.0
Global (Mixed),471,0.8126466922486895,0.860069473613361,234,0.0
Global (Mixed),472,0.9253977183495764,0.8449339934832384,239,0.0
Global (Mixed),473,0.7612524940790979,1.7107031535249766,246,0.0
Global (Mixed),474,0.762070861068688,1.500548502370329,215,0.0
Global (Mixed),475,0.781276493559167,1.4927920568436694,217,0.0
Global (Mixed),476,0.8965032052246378,0.32960830126041246,237,0.0
Global (Mixed),477,0.7539010243695262,1.5807947959306317,189,0.0
Global (Mixed),478,0.6062914830247171,1.1694273021994819,249,0.0
Global (Mixed),479,0.7596195340811481,1.8103329705279176,298,0.0
Global (Mixed),480,0.8250949811176855,1.960958413874022,239,0.0
Global (Mixed),481,0.7920711726005453,1.0351867588544248,194,0.0
Global (Mixed),482,0.8623519262188217,0.3806656204371565,198,0.0
Global (Mixed),483,0.7110435617705996,1.0059732875544998,201,0.0
Global (Mixed),484,0.794828572497979,1.5122732570650355,316,0.0
Global (Mixed),485,0.7771827940762971,1.2089506044084841,308,0.0
Global (Mixed),486,0.8729353507922986,1.465261943407416,177,0.0
Global (Mixed),487,0.8609837965360468,1.1447966503607943,196,0.0
Global (Mixed),488,0.6096710627934495,1.3370260015538644,204,0.0
Global (Mixed),489,0.7576703339044635,1.3088877311960627,198,0.0
Global (Mixed),490,0.7227561089913497,1.4378786560608228,193,0.0
Global (Mixed),491,0.7922829910686895,1.4041143435365013,220,0.0
Global (Mixed),492,0.655574643403619,1.0042485325455612,192,0.0
Global (Mixed),493,0.8019079838651553,0.7716512198103209,204,0.0
Global (Mixed),494,0.7954615691830558,1.2328191282668584,263,0.0
Global (Mixed),495,0.8389522835551628,0.8548154675061174,192,0.0
Global (Mixed),496,0.7879660586767715,1.4888005668890587,242,0.0
Global (Mixed),497,0.8134248881977176,1.435311379584801,227,0.0
Global (Mixed),498,0.8587557225318311,1.2037437087965723,175,0.0
Global (Mixed),499,0.8399383381968292,1.6555723641736588,224,0.0
Global (Mixed),500,0.7606614693711831,0.8293677395434885,177,0.0
Global (Mixed),501,0.6411843602147308,0.503540325822882,161,0.0
Global (Mixed),502,0.8033656013681154,1.269312864355026,262,0.0
Global (Mixed),503,0.857347258037756,0.3076592757564544,222,0.0
Global (Mixed),504,0.7581614067655068,1.3196940259233354,204,0.0
Global (Mixed),505,0.7531781037433793,1.7760891989112746,170,0.0
Global (Mixed),506,0.8310758529849673,1.4123775014951734,248,0.0
Global (Mixed),507,0.6421476252488323,1.2487850315158966,182,0.0
Global (Mixed),508,0.7314825730182704,1.3113614199250225,311,0.0
Global (Mixed),509,0.7001508121628389,1.3489523282292004,188,0.0
Global (Mixed),510,0.7885662243903044,1.820876862797501,228,0.0
Global (Mixed),511,0.832131942558732,0.9784296475175491,239,0.0
Global (Mixed),512,0.7613642503738012,1.4551496204317789,350,0.0
Global (Mixed),513,0.5978260440675731,1.3611744261756231,187,0.0
Global (Mixed),514,0.8817083073584826,1.055457081593202,215,0.0
Global (Mixed),515,0.6902049105280741,1.4327007091983142,170,0.0
Global (Mixed),516,0.8484140887953143,0.3937424201346446,192,0.0
Global (Mixed),517,0.7311424120237233,1.5168270609009018,198,0.0
Global (Mixed),518,0.8998955165835782,0.08868778527524447,164,0.0
Global (Mixed),519,0.8022286532544297,1.4537910326477854,186,0.0
Global (Mixed),520,0.6694942987708117,1.2427363341038271,186,0.0
Global (Mixed),521,0.8036893114621689,1.8211101814437507,178,0.0
Global (Mixed),522,0.7805930520878374,1.667759378398965,195,0.0
Global (Mixed),523,0.9463143023976484,0.8275631273551718,175,0.0
Global (Mixed),524,0.7449396857138425,1.008860900764133,188,0.0
Global (Mixed),525,0.7625427885808662,1.4348937067550445,173,0.0
Global (Mixed),526,0.7173356715815724,1.1961009126674977,290,0.0
Global (Mixed),527,0.6240807217648386,1.1061305683640619,224,0.0
Global (Mixed),528,0.7490736946675695,1.9998358160850043,468,0.0
Global (Mixed),529,0.7420362482466772,0.8922517386512955,170,0.0
Global (Mixed),530,0.7094816432600645,1.2733645844052142,158,0.0
Global (Mixed),531,0.5441436403728291,1.5035662154981162,466,0.0
Global (Mixed),532,0.5466662288378342,0.7953709915587077,150,0.0
Global (Mixed),533,0.7271059928097492,1.2406932858527713,174,0.0
Global (Mixed),534,0.9073492301743757,1.1574570251548673,335,0.0
Global (Mixed),535,0.7529262471826135,1.245676400706337,168,0.0
Global (Mixed),536,0.7179515413484097,1.4530467100334166,178,0.0
Global (Mixed),537,0.6292170875587036,1.0609082735676691,212,0.0
Global (Mixed),538,0.8339794395897898,1.5968933766904596,194,0.0
Global (Mixed),539,0.7325093618332952,1.0869266476397144,200,0.0
Global (Mixed),540,0.7474586731400699,1.3739746794207,297,0.0
Global (Mixed),541,0.7017248445933962,1.0986641029307207,265,0.0
Global (Mixed),542,0.7782177667348801,1.5202862518101758,214,0.0
Global (Mixed),543,0.8077040397197972,1.4424239983218563,186,0.0
Global (Mixed),544,0.7430414291962378,1.0749595363758893,157,0.0
Global (Mixed),545,0.5449731090309292,1.2788604522502625,171,0.0
Global (Mixed),546,0.8090762391790526,1.14905872079735,155,0.0
Global (Mixed),547,0.8543208628604111,0.10820530185375266,212,0.0
Global (Mixed),548,0.7919324446928184,1.6191143086258757,171,0.0
Global (Mixed),549,0.7743930295348777,1.0535972270113474,199,0.0
Global (Mixed),550,0.831948306829257,1.2866571605370247,262,0.0
Global (Mixed),551,0.8708880766786862,0.5166006014668225,174,0.0
Global (Mixed),552,0.7688238672853522,1.442165524480069,163,0.0
Global (Mixed),553,0.711159051257507,1.1839852788454637,160,0.0
Global (Mixed),554,0.7428377606067501,1.5704358870444484,185,0.0
Global (Mixed),555,0.6490972420746034,1.3072049411257793,175,0.0
Global (Mixed),556,0.8264903724812894,1.3147280846170957,188,0.0
Global (Mixed),557,0.8246082859099994,1.3905106785425738,177,0.0
Global (Mixed),558,0.8248583081383744,1.678312012635384,155,0.0
Global (Mixed),559,0.706123253039212,1.2634592238633382,243,0.0
Global (Mixed),560,0.769003877684297,0.9676177138669557,162,0.0
Global (Mixed),561,0.8073434036756965,1.3261805370507072,186,0.0
Global (Mixed),562,0.7656394195562504,1.5797555962997536,323,0.0
Global (Mixed),563,0.7372137615702539,1.4866423637505553,152,0.0
Global (Mixed),564,0.6306003360069578,1.6762468969532855,178,0.0
Global (Mixed),565,0.3338144985721932,1.218081290587661,226,0.0
Global (Mixed),566,0.7679958529369203,1.1830837060114137,165,0.0
Global (Mixed),567,0.7212528225514201,0.5494716411319012,192,0.0
Global (Mixed),568,0.7532757958185787,0.8014978847776539,163,0.0
Global (Mixed),569,0.8112804398143953,0.949827385105498,178,0.0
Global (Mixed),570,0.8145887584884206,1.5605281167745793,176,0.0
Global (Mixed),571,0.7332392144025245,0.7415692651894741,167,0.0
Global (Mixed),572,0.756581980687686,1.1753532970629477,142,0.0
Global (Mixed),573,0.8218999990709099,1.1642767009155972,167,0.0
Global (Mixed),574,0.7590974196355326,1.1207144270159917,250,0.0
Global (Mixed),575,0.8204007147894941,0.7353727401631959,171,0.0
Global (Mixed),576,0.718579971716343,1.262609234509096,175,0.0
Global (Mixed),577,0.7616762852686358,1.8589865496144156,186,0.0
Global (Mixed),578,0.823725303232802,1.0282808307213112,176,0.0
Global (Mixed),579,0.8229407044065109,1.3754330811680753,194,0.0
Global (Mixed),580,0.27480864132324107,1.4251927809668463,181,0.0
Global (Mixed),581,0.8593112283310819,1.1250524671185078,281,0.0
Global (Mixed),582,0.8233502068317248,1.388627237688426,199,0.0
Global (Mixed),583,0.7231928482161976,0.852481210275556,171,0.0
Global (Mixed),584,0.8336803205013302,1.689511814495697,242,0.0
Global (Mixed),585,0.7839357787866493,1.7682904845097929,168,0.0
Global (Mixed),586,0.8246461236725527,0.8929134137876416,147,0.0
Global (Mixed),587,0.8488479965641093,1.2728522051403202,238,0.0
Global (Mixed),588,0.6696478016047759,1.2894084148361085,135,0.0
Global (Mixed),589,0.84736069978974,1.303006455481853,171,0.0
Global (Mixed),590,0.7321685134390523,1.1395019550002983,144,0.0
Global (Mixed),591,0.789018462354909,1.06607232578239,238,0.0
Global (Mixed),592,0.7684381216838404,1.3293907306364057,208,0.0
Global (Mixed),593,0.8088965559454576,1.191481114024514,148,0.0
Global (Mixed),594,0.5765247012960627,1.5627602295702896,146,0.0
Global (Mixed),595,0.8537376345436205,1.2607744845296052,241,0.0
Global (Mixed),596,0.7012050203322262,1.453049210779193,198,0.0
Global (Mixed),597,0.7287997971131305,1.3822738989907153,824,0.0
Global (Mixed),598,0.7294433832786771,1.3634397304000367,156,0.0
Global (Mixed),599,0.7749827366936942,0.768516290804554,197,0.0
Global (Mixed),600,0.7830826588141769,1.5017768738822233,181,0.0
Global (Mixed),601,0.8624597885926907,0.4091709007524613,135,0.0
Global (Mixed),602,0.6714409424008643,0.9878366102336623,164,0.0
Global (Mixed),603,0.7756645751881691,0.7658847164347454,166,0.0
Global (Mixed),604,0.8201256530681347,2.053941670273698,237,0.0
Global (Mixed),605,0.8471950894279283,0.6725296252906483,175,0.0
Global (Mixed),606,0.7620485270772909,0.8909672425298818,174,0.0
Global (Mixed),607,0.8008043317808782,1.6995478783047664,225,0.0
Global (Mixed),608,0.7331038523034737,1.9767043038520855,185,0.0
Global (Mixed),609,0.7964985843560357,1.5775176922101497,145,0.0
Global (Mixed),610,0.5049138506828711,1.2703241281549735,172,0.0
Global (Mixed),611,0.8030451631087994,1.5779165329773102,218,0.0
Global (Mixed),612,0.7413432502647584,1.405292827379688,147,0.0
Global (Mixed),613,0.7375244767577643,1.213941464039763,150,0.0
Global (Mixed),614,0.6891568782564721,0.9541840315022909,135,0.0
Global (Mixed),615,0.7737669011193692,1.0868035911617098,163,0.0
Global (Mixed),616,0.6742050672823181,1.3098260772331551,150,0.0
Global (Mixed),617,0.8213012962281223,1.664739963831803,260,0.0
Global (Mixed),618,0.7919172331724685,1.3902015439054631,210,0.0
Global (Mixed),619,0.7824256715584633,0.8985059244866953,177,0.0
Global (Mixed),620,0.7744908967064642,0.8208656058713362,147,0.0
Global (Mixed),621,0.8759877308750783,0.3604088544899309,167,0.0
Global (Mixed),622,0.7894650373905936,0.8965981086872897,160,0.0
Global (Mixed),623,0.8028613482164991,1.4275063769294027,203,0.0
Global (Mixed),624,0.7995456177273658,1.6191671569878239,186,0.0
Global (Mixed),625,0.7734275800628465,0.975833506641429,171,0.0
Global (Mixed),626,0.8455090816339754,0.6353590828953702,175,0.0
Global (Mixed),627,0.7879563287799153,1.405140822554879,251,0.0
Global (Mixed),628,0.7705357559300052,1.00336209044672,160,0.0
Global (Mixed),629,0.7986141590715011,0.8759118998554485,140,0.0
Global (Mixed),630,0.7866773126521851,1.5338392631645452,141,0.0
Global (Mixed),631,0.8084317063673916,1.4344198957630814,169,0.0
Global (Mixed),632,0.7607615125171094,1.4059057220119509,186,0.0
Global (Mixed),633,0.7616420811117833,1.4501692995357196,288,0.0
Global (Mixed),634,0.8508220334560944,0.6181156795122329,251,0.0
Global (Mixed),635,0.598430871118889,1.8972293553565818,170,0.0
Global (Mixed),636,0.7603437967688368,0.9143220908325141,157,0.0
Global (Mixed),637,0.7605382888702394,1.6070050397470639,319,0.0
Global (Mixed),638,0.7902377466458449,1.460413136144363,464,0.0
Global (Mixed),639,0.7131490253123459,1.1313191223789563,143,0.0
Global (Mixed),640,0.7721725478366032,0.9188456040048922,146,0.0
Global (Mixed),641,0.7070377514154778,0.4603944561023321,128,0.0
Global (Mixed),642,0.7896223669827058,1.2326553683628598,141,0.0
Global (Mixed),643,0.8107550767298499,1.4876348016075842,175,0.0
Global (Mixed),644,0.8191405511057642,1.393339627093696,185,0.0
Global (Mixed),645,0.7692995493394937,1.3983286252948417,163,0.0
Global (Mixed),646,0.8603707283266459,1.4671483450160956,141,0.0
Global (Mixed),647,0.6839731757440929,1.933371952340545,172,0.0
Global (Mixed),648,0.6968000269568926,0.9180441319447957,132,0.0
Global (Mixed),649,0.7644334091154201,1.3458211612659194,156,0.0
Global (Mixed),650,0.7015895190605205,1.3003623181522024,146,0.0
Global (Mixed),651,0.7236979479224103,0.8850249025578747,130,0.0
Global (Mixed),652,0.8209110205870555,1.5999391534204819,149,0.0
Global (Mixed),653,0.7266483414950348,0.8684491092668818,150,0.0
Global (Mixed),654,0.8634758859097512,1.1267351658273619,191,0.0
Global (Mixed),655,0.8427090509937116,0.569510015100931,211,0.0
Global (Mixed),656,0.9300186008210959,0.18231221142414245,141,0.0
Global (Mixed),657,0.670678370092254,1.002587016921302,187,0.0
Global (Mixed),658,0.7931851507359734,1.599310356596244,144,0.0
Global (Mixed),659,0.7684835045974079,0.9952991313688947,156,0.0
Global (Mixed),660,0.7538063997491277,1.5626481449170961,160,0.0
Global (Mixed),661,0.7967467111829201,0.06858364301679727,141,0.0
Global (Mixed),662,0.7503591609565646,1.0218002475809933,146,0.0
Global (Mixed),663,0.8035916326462081,1.2355953573652754,175,0.0
Global (Mixed),664,0.30131045349706204,1.2813965829475487,173,0.0
Global (Mixed),665,0.9842556886434363,0.06528523653876066,123,0.0
Global (Mixed),666,0.7846982769908586,1.0970156938409619,263,0.0
Global (Mixed),667,0.8456097187238568,1.3029147074366683,184,0.0
Global (Mixed),668,0.693632050200853,0.2228754830782174,120,0.0
Global (Mixed),669,0.9078007733217494,1.3324221844930813,162,0.0
Global (Mixed),670,0.8639801687970969,0.988243868106344,140,0.0
Global (Mixed),671,0.8441269396116223,1.2673091544207646,165,0.0
Global (Mixed),672,0.6984088432962807,1.5344537608134097,154,0.0
Global (Mixed),673,0.8264012442047605,1.0699726198013417,232,0.0
Global (Mixed),674,0.7136510632754001,0.9934589699374212,131,0.0
Global (Mixed),675,0.8137991230230908,3.2276064484978764,131,0.0
Global (Mixed),676,0.8772089114123082,1.3275061444924754,122,0.0
Global (Mixed),677,0.7875007769753907,0.6307458605294225,173,0.0
Global (Mixed),678,0.700488732360524,1.7300505459456077,189,0.0
Global (Mixed),679,0.8202919453836403,1.2767855179256924,166,0.0
Global (Mixed),680,0.6683769666608393,1.801756160795603,146,0.0
Global (Mixed),681,0.6686034616611217,1.2737620230157287,160,0.0
Global (Mixed),682,0.929374518119139,0.9198996456197551,129,0.0
Global (Mixed),683,0.8990315100034769,0.9872520683532022,118,0.0
Global (Mixed),684,0.895672813389941,2.4322729851168967,146,0.0
Global (Mixed),685,0.8868390509131289,1.1062374276884137,157,0.0
Global (Mixed),686,0.6947715487894877,1.4664961674466623,116,0.0
Global (Mixed),687,0.8289980265360841,1.770698584061442,226,0.0
Global (Mixed),688,0.8097431848588609,1.381480157359847,192,0.0
Global (Mixed),689,0.8053948323641175,1.580197099124098,141,0.0
Global (Mixed),690,0.7305113666116212,1.171708972832287,184,0.0
Global (Mixed),691,0.7742655153260204,1.8894837012199677,182,0.0
Global (Mixed),692,0.9078292002139003,0.9649104690740801,180,0.0
Global (Mixed),693,0.7735621910782495,0.8497655361580678,126,0.0
Global (Mixed),694,0.8143204974086766,1.3147777880242135,187,0.0
Global (Mixed),695,0.5088304833466789,1.663853521821239,158,0.0
Global (Mixed),696,0.6573713688606175,1.019216554264865,186,0.0
Global (Mixed),697,0.7390701950346944,1.4159221851805048,123,0.0
Global (Mixed),698,0.6633881608213994,1.3171672625053417,175,0.0
Global (Mixed),699,0.7178697638349474,1.5743245108792039,158,0.0
Global (Mixed),700,0.8338262285017073,0.8083622128531939,132,0.0
Global (Mixed),701,0.8668714354439196,1.4553576375263648,162,0.0
Global (Mixed),702,0.7026438244190903,0.936808211292444,153,0.0
Global (Mixed),703,0.7983633184657286,1.6662357690175384,119,0.0
Global (Mixed),704,0.5806121906322836,1.6226854839699785,245,0.0
Global (Mixed),705,0.7502725670679393,1.4630625707340246,145,0.0
Global (Mixed),706,0.8012207823994504,1.2137463240135327,143,0.0
Global (Mixed),707,0.8753478193935096,0.9801840312527972,164,0.0
Global (Mixed),708,0.7900288313702382,1.410229806198202,144,0.0
Global (Mixed),709,0.8789836091041361,0.35062665556347605,133,0.0
Global (Mixed),710,0.8391270819931,1.4355107248436096,127,0.0
Global (Mixed),711,0.7176732801578181,1.7040663151568742,157,0.0
Global (Mixed),712,0.7281690324676562,0.9565064923689649,149,0.0
Global (Mixed),713,0.6941663927380338,1.0719664164456135,118,0.0
Global (Mixed),714,0.8154772162904281,1.2018962092154348,146,0.0
Global (Mixed),715,0.9251462187455708,0.7844839547947285,135,0.0
Global (Mixed),716,0.7762502793534084,1.34197559243585,152,0.0
Global (Mixed),717,0.7549994744885083,1.32390236856211,111,0.0
Global (Mixed),718,0.7837439936441387,0.48103509745592216,125,0.0
Global (Mixed),719,0.7494070349478527,1.5419228883251557,183,0.0
Global (Mixed),720,0.6523085849943465,0.996025225173819,116,0.0
Global (Mixed),721,0.8398064923468955,1.37942166542338,145,0.0
Global (Mixed),722,0.8325967548211137,1.3123962924857533,137,0.0
Global (Mixed),723,0.7265008902167032,1.540470775326178,137,0.0
Global (Mixed),724,0.5664509521309798,1.3269265253960654,158,0.0
Global (Mixed),725,0.7813654137685048,1.119110133499439,131,0.0
Global (Mixed),726,0.8324803985734087,1.5265756508952608,159,0.0
Global (Mixed),727,0.8084208567646946,1.081747058893525,145,0.0
Global (Mixed),728,0.8222731991450245,1.7191998288903807,192,0.0
Global (Mixed),729,0.8111783722121624,0.8979861443759175,125,0.0
Global (Mixed),730,0.7885280186557287,1.1910503850777245,305,0.0
Global (Mixed),731,0.837007787245725,0.7567728035037715,308,0.0
Global (Mixed),732,0.8126893241646584,0.6817268672975351,155,0.0
Global (Mixed),733,0.8523023897728775,1.3290202079440872,150,0.0
Global (Mixed),734,0.774644426492428,0.9362739890362477,188,0.0
Global (Mixed),735,0.7491759032120948,1.5299940857673724,196,0.0
Global (Mixed),736,0.8135448804787192,1.0024609455320213,152,0.0
Global (Mixed),737,0.9118076465562642,1.8358541850123993,136,0.0
Global (Mixed),738,0.8285587056121664,1.3950538967815487,179,0.0
Global (Mixed),739,0.655311214843628,1.5843349477976492,115,0.0
Global (Mixed),740,0.64521276518612,1.3232932813373306,137,0.0
Global (Mixed),741,0.7138307880522223,0.9645055031576248,146,0.0
Global (Mixed),742,0.7514313757163029,1.3108619101949055,124,0.0
Global (Mixed),743,0.8333202182132369,1.2612266162516523,133,0.0
Global (Mixed),744,0.7354453339137024,1.5801639368032556,124,0.0
Global (Mixed),745,0.7372484978483482,0.2418391478246132,112,0.0
Global (Mixed),746,0.7517831687948252,1.5309911206710107,149,0.0
Global (Mixed),747,0.6395667097001334,0.8362124136375277,119,0.0
Global (Mixed),748,0.8040903498832485,0.6901977422085283,135,0.0
Global (Mixed),749,0.7486100558184883,1.3943056365346742,261,0.0
Global (Mixed),750,0.8005722171429833,1.4450482099486235,163,0.0
Global (Mixed),751,0.7819503857520196,1.4974134732452535,173,0.0
Global (Mixed),752,0.8016427334832238,1.6822322394998042,157,0.0
Global (Mixed),753,0.7926034313544986,1.5951833473315717,130,0.0
Global (Mixed),754,0.6655458146039004,0.8329073639028978,147,0.0
Global (Mixed),755,0.7548122689949942,1.6093248756825025,258,0.0
Global (Mixed),756,0.8803346499127366,0.3219143648877595,139,0.0
Global (Mixed),757,0.672978984818331,1.794312614004972,123,0.0
Global (Mixed),758,0.7428884343457107,2.925655723905956,185,0.0
Global (Mixed),759,0.7905276363452136,1.1489234117436578,135,0.0
Global (Mixed),760,0.7221282339919597,1.177125295802102,163,0.0
Global (Mixed),761,0.8069795033644742,0.8632968628843131,141,0.0
Global (Mixed),762,0.7467578880571778,1.2704648230074003,113,0.0
Global (Mixed),763,0.772616613454971,1.5644455308089888,134,0.0
Global (Mixed),764,0.8653798488102898,1.3434792343376443,143,0.0
Global (Mixed),765,0.8947062426640982,0.2803326307154412,136,0.0
Global (Mixed),766,0.9270056620442825,0.9016249039945146,116,0.0
Global (Mixed),767,0.6070238587310555,0.9201743172878002,122,0.0
Global (Mixed),768,0.6851238408615375,1.1901446715306097,131,0.0
Global (Mixed),769,0.7091819298347443,0.8209179376624225,188,0.0
Global (Mixed),770,0.7799915625253043,1.614099150617156,149,0.0
Global (Mixed),771,0.8499279213356128,1.257819170278291,178,0.0
Global (Mixed),772,0.7994879866315202,1.604833486370965,270,0.0
Global (Mixed),773,0.8410515998391775,1.5796934961931464,199,0.0
Global (Mixed),774,0.7154489559729159,1.0300169437941866,180,0.0
Global (Mixed),775,0.767845619046251,0.9655590654969581,163,0.0
Global (Mixed),776,0.6578770098933736,0.5339066159357654,107,0.0
Global (Mixed),777,0.7886663010990754,1.3835345850469518,122,0.0
Global (Mixed),778,0.8030627627688203,1.745623558174967,192,0.0
Global (Mixed),779,0.9296862514734536,0.20484463456270874,117,0.0
Global (Mixed),780,0.7848207779181909,0.9269694638707194,145,0.0
Global (Mixed),781,0.8202122062052358,2.0282727027281107,114,0.0
Global (Mixed),782,0.9008466533055315,1.0355668095206265,128,0.0
Global (Mixed),783,0.8394326231864101,0.28739786829465824,121,0.0
Global (Mixed),784,0.7937265188971518,1.2924739032849493,122,0.0
Global (Mixed),785,0.7864976574097152,1.4601489884070353,148,0.0
Global (Mixed),786,0.7883625901087656,1.2754913462341386,117,0.0
Global (Mixed),787,0.7611620232806185,1.319821643412942,156,0.0
Global (Mixed),788,0.8382542740924637,1.6484148676210835,118,0.0
Global (Mixed),789,0.7226033544825121,1.7445418067174034,247,0.0
Global (Mixed),790,0.799452634038704,1.5504110467654888,128,0.0
Global (Mixed),791,0.606508625712525,1.3424427238853665,124,0.0
Global (Mixed),792,0.7964307667373852,0.9584720919112687,164,0.0
Global (Mixed),793,0.7831936494463008,0.4265933314488648,108,0.0
Global (Mixed),794,0.8337402430539643,1.6425660272106235,137,0.0
Global (Mixed),795,0.7611551603227341,1.3732327846623502,102,0.0
Global (Mixed),796,0.8659229874666368,1.413347608812726,154,0.0
Global (Mixed),797,0.7996732764173281,1.641296248109559,173,0.0
Global (Mixed),798,0.8223225096227553,0.648725617918772,139,0.0
Global (Mixed),799,0.8193219418160279,1.506185750592328,156,0.0
Global (Mixed),800,0.6546259791852823,1.4102305865552052,112,0.0
Global (Mixed),801,0.8132811257615095,1.6349631402555702,109,0.0
Global (Mixed),802,0.7320893778454446,1.4733118238443133,230,0.0
Global (Mixed),803,0.6508229028037157,1.2472426123825475,151,0.0
Global (Mixed),804,0.7852793602672994,1.4155521329621705,160,0.0
Global (Mixed),805,0.8542072313570591,1.2003163944216777,99,0.0
Global (Mixed),806,0.8795456659796889,0.02166084939249829,224,0.0
Global (Mixed),807,0.840198273645955,1.4097808309818398,154,0.0
Global (Mixed),808,0.766275198088716,0.9539579968170271,112,0.0
Global (Mixed),809,0.9228888580535268,0.2109900095738958,121,0.0
Global (Mixed),810,0.7149445569742492,1.3346579523176598,135,0.0
Global (Mixed),811,0.7799245235145239,1.8123061539118572,161,0.0
Global (Mixed),812,0.7688996682210552,0.8940622199519497,115,0.0
Global (Mixed),813,0.7523578979754947,0.8439963268201328,176,0.0
Global (Mixed),814,0.8188630561515778,1.3672356672950203,100,0.0
Global (Mixed),815,0.7816954787112044,1.155755118372007,101,0.0
Global (Mixed),816,0.8122771398369982,1.8851487174782606,161,0.0
Global (Mixed),817,0.7328390717774289,0.6897119664658342,134,0.0
Global (Mixed),818,0.6503465091132071,0.3483949774292982,97,0.0
Global (Mixed),819,0.7365670374519315,1.0543455937347588,130,0.0
Global (Mixed),820,0.7352177411089031,0.674508479750318,202,0.0
Global (Mixed),821,0.8557787723359086,0.7080811162041665,112,0.0
Global (Mixed),822,0.6719659003517158,1.2558808277257465,167,0.0
Global (Mixed),823,0.7832900138134645,1.0811869821944684,114,0.0
Global (Mixed),824,0.8630346684939615,0.8534697945250153,107,0.0
Global (Mixed),825,0.7334675864727179,1.1561070235681028,163,0.0
Global (Mixed),826,0.8211353702983825,1.2090070395768837,139,0.0
Global (Mixed),827,0.8517064990844933,1.283638887018038,190,0.0
Global (Mixed),828,0.8135306777335399,1.3380303322093092,139,0.0
Global (Mixed),829,0.8793217272171319,1.0285768308185255,217,0.0
Global (Mixed),830,0.7155303230196494,1.50895804425082,203,0.0
Global (Mixed),831,0.8279469120034582,0.9840570013617606,177,0.0
Global (Mixed),832,0.6058233259227035,1.0907603044468273,100,0.0
Global (Mixed),833,0.8028174422219878,1.8027208695015835,116,0.0
Global (Mixed),834,0.6829713219517642,0.9920057065757226,101,0.0
Global (Mixed),835,0.7904252875899374,1.3393125040340186,171,0.0
Global (Mixed),836,0.7464740211012025,0.6318505614025831,116,0.0
Global (Mixed),837,0.7506350778908178,1.4990007600380482,185,0.0
Global (Mixed),838,0.754875740461224,1.5629334558757708,104,0.0
Global (Mixed),839,0.7801548955382168,1.3884205486782717,106,0.0
Global (Mixed),840,0.7373530991472791,1.3833118130341375,280,0.0
Global (Mixed),841,0.6276891443653856,0.7553999271345108,96,0.0
Global (Mixed),842,0.8043460499036887,1.3213441472200114,121,0.0
Global (Mixed),843,0.8509222231759739,1.1400307990201894,145,0.0
Global (Mixed),844,0.8844178641375313,0.3447833471991736,136,0.0
Global (Mixed),845,0.8060825466591607,1.5668074514213584,145,0.0
Global (Mixed),846,0.7708250185657481,1.5820385772817827,163,0.0
Global (Mixed),847,0.7988050888472233,1.504193870667991,190,0.0
Global (Mixed),848,0.7884139518380481,1.45835201544688,192,0.0
Global (Mixed),849,0.7250818254338655,0.5113048689916674,157,0.0
Global (Mixed),850,0.5801067920406102,1.3801831282488592,171,0.0
Global (Mixed),851,0.7961385771108522,1.3208239939518995,218,0.0
Global (Mixed),852,0.8319087330085235,1.2417537689462321,308,0.0
Global (Mixed),853,0.9149619287898884,0.9539089289711018,99,0.0
Global (Mixed),854,0.6740237701926989,1.4361967404719103,118,0.0
Global (Mixed),855,0.7184643812155193,1.8566149675229542,166,0.0
Global (Mixed),856,0.8180704369200902,1.1117260557611983,144,0.0
Global (Mixed),857,0.7754878948479355,1.2453811098798706,119,0.0
Global (Mixed),858,0.7845704507575076,1.7472139538183233,194,0.0
Global (Mixed),859,0.802459881167198,1.0930450405434078,137,0.0
Global (Mixed),860,0.843296487116258,0.5087134405464505,136,0.0
Global (Mixed),861,0.8254571400374322,1.633277097710675,180,0.0
Global (Mixed),862,0.801206416225763,1.8945656887429887,190,0.0
Global (Mixed),863,0.8268975303063414,1.4839221654843944,110,0.0
Global (Mixed),864,0.8045708887634648,1.641470527764117,122,0.0
Global (Mixed),865,0.6745609845018242,1.2383835008998878,102,0.0
Global (Mixed),866,0.7268794246982555,0.9478558946446564,133,0.0
Global (Mixed),867,0.6117433921530695,0.9175860488963459,122,0.0
Global (Mixed),868,0.8189437994871812,1.3363222275419708,252,0.0
Global (Mixed),869,0.6339822820703757,1.1868713504745132,134,0.0
Global (Mixed),870,0.7582867286046359,0.9415034354728375,144,0.0
Global (Mixed),871,0.7213263915011827,1.685921251457427,134,0.0
Global (Mixed),872,0.7723375237373892,1.276512831652821,136,0.0
Global (Mixed),873,0.7308667963005918,1.407705077522542,105,0.0
Global (Mixed),874,0.8537088776999827,0.47840166112393906,107,0.0
Global (Mixed),875,0.8075673949872332,1.324917493006192,231,0.0
Global (Mixed),876,0.5441548681978781,1.4432052527363461,136,0.0
Global (Mixed),877,0.7195669761301919,1.0639585215886675,123,0.0
Global (Mixed),878,0.763004910671756,1.3536120511536462,114,0.0
Global (Mixed),879,0.7498145895262462,1.236374333701941,112,0.0
Global (Mixed),880,0.8396311060358934,1.0187031589125106,121,0.0
Global (Mixed),881,0.7298444676762391,1.0985011000701457,129,0.0
Global (Mixed),882,0.8238473622600494,1.1525004026384793,264,0.0
Global (Mixed),883,0.9123371647682376,1.0388434032015754,96,0.0
Global (Mixed),884,0.7753605780046352,1.5943779855169418,105,0.0
Global (Mixed),885,0.8326047881539475,1.4311824099481962,118,0.0
Global (Mixed),886,0.8318690100176274,1.6980419971476846,142,0.0
Global (Mixed),887,0.8405680370324708,0.6743936416061357,149,0.0
Global (Mixed),888,0.7345543888230293,0.7597549913763146,118,0.0
Global (Mixed),889,0.8781574967679122,1.122411165631734,140,0.0
Global (Mixed),890,0.6691480175729743,1.4622800877395088,100,0.0
Global (Mixed),891,0.8414227369998835,1.760529473883672,171,0.0
Global (Mixed),892,0.7281188927017344,1.449116591464605,177,0.0
Global (Mixed),893,0.751214671222808,1.3163344832414485,107,0.0
Global (Mixed),894,0.8468062866977705,1.110702829847471,159,0.0
Global (Mixed),895,0.8090719892244121,1.4718483679406935,126,0.0
Global (Mixed),896,0.8751578333802635,1.036682382221076,148,0.0
Global (Mixed),897,0.7656880460159269,1.5022509589445747,157,0.0
Global (Mixed),898,0.6925051138346255,1.3344534061492774,165,0.0
Global (Mixed),899,0.6976962920852566,1.32385472914456,110,0.0
Global (Mixed),900,0.7429945851820426,1.7230914363410055,107,0.0
Global (Mixed),901,0.8279328423217159,1.4292046807520986,117,0.0
Global (Mixed),902,0.6800573548816901,1.2740185169002343,124,0.0
Global (Mixed),903,0.745827754230303,1.0040731529063023,159,0.0
Global (Mixed),904,0.951565525175659,0.19821551591900544,108,0.0
Global (Mixed),905,0.8208123623486443,1.2820279127745742,133,0.0
Global (Mixed),906,0.7758467508619736,1.9466353467048738,97,0.0
Global (Mixed),907,0.7214733368050407,1.6109148006070435,97,0.0
Global (Mixed),908,0.8463066331348524,1.7392601450772165,224,0.0
Global (Mixed),909,0.8231065594743785,1.7806797590887877,108,0.0
Global (Mixed),910,0.8570971733705998,1.6979512761973614,177,0.0
Global (Mixed),911,0.9104340568889991,0.26030540140298974,110,0.0
Global (Mixed),912,0.760801402471559,1.0252154287445796,107,0.0
Global (Mixed),913,0.69051218449818,0.9107003429655007,107,0.0
Global (Mixed),914,0.7626509935512015,1.646921152983465,157,0.0
Global (Mixed),915,0.8335390024876228,0.8640085936550339,117,0.0
Global (Mixed),916,0.8959440488578466,0.885698798479557,172,0.0
Global (Mixed),917,0.7030783324098498,1.1955657470375742,133,0.0
Global (Mixed),918,0.8081247389414733,1.502784452031116,250,0.0
Global (Mixed),919,0.9685561397135597,1.4752361977120296,100,0.0
Global (Mixed),920,0.8317981808121494,1.2485407525034575,174,0.0
Global (Mixed),921,0.8002051806374096,0.7714377797849574,97,0.0
Global (Mixed),922,0.750691432599127,1.4789819040170546,142,0.0
Global (Mixed),923,0.7444489193851099,0.5314128384292914,90,0.0
Global (Mixed),924,0.29738420529781356,1.576047271729677,133,0.0
Global (Mixed),925,0.7505958123716577,1.2237723206171258,172,0.0
Global (Mixed),926,0.7637011183365648,1.7512870840271524,107,0.0
Global (Mixed),927,0.7660354412818204,0.8882219465872787,115,0.0
Global (Mixed),928,0.7435415203340303,1.044635788162568,112,0.0
Global (Mixed),929,0.8392031565251332,1.5687587803208674,111,0.0
Global (Mixed),930,0.6954985733294251,1.4073983105527577,120,0.0
Global (Mixed),931,0.7491968652248479,1.6230192123105338,98,0.0
Global (Mixed),932,0.8005986698999896,0.8489737704194412,109,0.0
Global (Mixed),933,0.755974939573849,0.8823813913284322,165,0.0
Global (Mixed),934,0.8720129200408827,1.0664307859688067,93,0.0
Global (Mixed),935,0.7720913430736543,1.0874150398683284,151,0.0
Global (Mixed),936,0.4593224239187125,1.2262987600107595,139,0.0
Global (Mixed),937,0.6292654204708678,1.3976413307493716,130,0.0
Global (Mixed),938,0.45736757450487975,0.7402338671193041,126,0.0
Global (Mixed),939,0.7746673339264396,1.668419677592062,191,0.0
Global (Mixed),940,0.690111872150288,1.1936114957336204,127,0.0
Global (Mixed),941,0.6328780905468238,1.491289871457733,133,0.0
Global (Mixed),942,0.9184371497159501,1.442620348237575,90,0.0
Global (Mixed),943,0.7603953030598953,1.713217870840444,139,0.0
Global (Mixed),944,0.6394424842585721,1.4561189612258447,117,0.0
Global (Mixed),945,0.666404439395159,1.0955979405795693,104,0.0
Global (Mixed),946,0.5868325139601313,1.3206856374658789,89,0.0
Global (Mixed),947,0.788196876763824,1.7104928760227864,175,0.0
Global (Mixed),948,0.7486098519921569,1.3788113561200945,93,0.0
Global (Mixed),949,0.6852067907549848,1.5171672063958346,88,0.0
Global (Mixed),950,0.6367920816001845,1.9349124229595513,202,0.0
Global (Mixed),951,0.8434440499229684,1.0512737580223526,160,0.0
Global (Mixed),952,0.7805469076249967,1.3875777223027526,179,0.0
Global (Mixed),953,0.7026190688038227,1.4957918879330816,118,0.0
Global (Mixed),954,0.7083037823346354,0.5497110172449049,128,0.0
Global (Mixed),955,0.6937289552387513,1.5012422473612759,124,0.0
Global (Mixed),956,0.7049769452574849,0.8887877952982253,125,0.0
Global (Mixed),957,0.768758367866825,0.9503914826621517,117,0.0
Global (Mixed),958,0.718346575384385,2.084926280168301,87,0.0
Global (Mixed),959,0.8727301663936882,1.007185215501188,133,0.0
Global (Mixed),960,0.7990962354049717,0.4299237812652982,170,0.0
Global (Mixed),961,0.7843696966420076,1.11075407972915,110,0.0
Global (Mixed),962,0.9138784890914323,0.9483613134844233,102,0.0
Global (Mixed),963,0.776426954235766,1.206276445443465,132,0.0
Global (Mixed),964,0.6816261844360003,0.6663305823916962,93,0.0
Global (Mixed),965,0.6923873717981582,0.8656247600186358,89,0.0
Global (Mixed),966,0.8501514438937743,0.4701791998513963,101,0.0
Global (Mixed),967,0.722884452615752,0.5391396012932549,274,0.0
Global (Mixed),968,0.7864344290962648,1.4251822674888395,105,0.0
Global (Mixed),969,0.8156194547879977,1.6966676544510884,260,0.0
Global (Mixed),970,0.7643820126996632,1.8721172867328173,135,0.0
Global (Mixed),971,0.822115476748853,1.6831903807067026,173,0.0
Global (Mixed),972,0.8172417311733795,1.4437929863254042,130,0.0
Global (Mixed),973,0.7058760007642734,1.2106629820927703,97,0.0
Global (Mixed),974,0.7359360089737463,0.8866882027630577,94,0.0
Global (Mixed),975,0.7866969239858395,1.458836019792661,191,0.0
Global (Mixed),976,0.7569193405947475,1.7212318691767088,144,0.0
Global (Mixed),977,0.8108998751229689,1.5905763017147088,141,0.0
Global (Mixed),978,0.7809480453717039,1.4317526483575638,103,0.0
Global (Mixed),979,0.6853173502218651,0.8871327344663319,87,0.0
Global (Mixed),980,0.7510123262321973,0.8444047801519184,104,0.0
Global (Mixed),981,0.6906314307786436,1.6672857350507913,107,0.0
Global (Mixed),982,0.8792246404923033,2.0108466197707244,101,0.0
Global (Mixed),983,0.8015132595994486,1.83810836806732,164,0.0
Global (Mixed),984,0.8054896606733796,1.346738959227757,103,0.0
Global (Mixed),985,0.6857757889454671,1.5209124906162734,89,0.0
Global (Mixed),986,0.8787319970245162,1.3487454674553874,116,0.0
Global (Mixed),987,0.8133625858607657,0.5968464978680882,134,0.0
Global (Mixed),988,0.7595415947900909,1.1517621203011799,93,0.0
Global (Mixed),989,0.9015979734687134,1.2483106394330306,111,0.0
Global (Mixed),990,0.7883536812870875,1.6208418411662764,184,0.0
Global (Mixed),991,0.7947570048944915,1.6461111955807366,97,0.0
Global (Mixed),992,0.6368360458218667,1.0222120500346017,139,0.0
Global (Mixed),993,0.9189687401023515,0.1379500832579094,95,0.0
Global (Mixed),994,0.6829416067996836,0.989354521108126,120,0.0
Global (Mixed),995,0.8125354645691971,1.7119212299730509,150,0.0
Global (Mixed),996,0.7304168032211301,0.9146256163552092,119,0.0
Global (Mixed),997,0.8031191212604518,1.0932022288949381,86,0.0
Global (Mixed),998,0.7319253294755277,1.6557327163919815,130,0.0
Global (Mixed),999,0.8705741057887573,1.35703454496979,113,0.0
Global (Mixed),1000,0.7865689522229653,1.5901155910294884,161,0.0
Global (Mixed),1001,0.7388977773003879,1.5684775825842476,108,0.0
Global (Mixed),1002,0.7922549682099733,1.4113256253312245,130,0.0
Global (Mixed),1003,0.8342799174343151,0.8426048666641643,104,0.0
Global (Mixed),1004,0.8263823406715692,1.3002597636344362,134,0.0
Global (Mixed),1005,0.7988414190340949,0.9484376417953272,108,0.0
Global (Mixed),1006,0.7535689881279012,0.9020571366595551,115,0.0
Global (Mixed),1007,0.744674501485255,1.6046903073770165,163,0.0
Global (Mixed),1008,0.8012727579137451,1.005675824107604,102,0.0
Global (Mixed),1009,0.8658991834318144,1.2149847831231257,151,0.0
Global (Mixed),1010,0.7736464247027108,1.9659062802122569,153,0.0
Global (Mixed),1011,0.7626539957952445,0.6222168868835308,124,0.0
Global (Mixed),1012,0.7667553218929609,0.5247887455136483,88,0.0
Global (Mixed),1013,0.8823269101086637,1.1243839240285964,126,0.0
Global (Mixed),1014,0.8365043936513715,1.3934092008371832,111,0.0
Global (Mixed),1015,0.7520025515071782,1.260596437554981,226,0.0
Global (Mixed),1016,0.8562420495536688,1.4822335342320412,190,0.0
Global (Mixed),1017,0.7417719713389205,1.28878143477593,175,0.0
Global (Mixed),1018,0.9092048979531178,0.4250405808859816,87,0.0
Global (Mixed),1019,0.7488051776963703,1.4848045565492825,117,0.0
Global (Mixed),1020,0.6581303598224629,1.0144847180957084,110,0.0
Global (Mixed),1021,0.8319319230506682,1.5182991861616486,148,0.0
Global (Mixed),1022,0.7567345373123384,1.4509721508529563,114,0.0
Global (Mixed),1023,0.7323863943122338,1.843045049190911,133,0.0
Global (Mixed),1024,0.8391689239070886,0.4667362912751278,83,0.0
Global (Mixed),1025,0.6329342312446117,1.6997742694278626,162,0.0
Global (Mixed),1026,0.7627837238043054,1.0631639472255032,89,0.0
Global (Mixed),1027,0.8762521061740226,2.0557107000117956,85,0.0
Global (Mixed),1028,0.7344169398147131,0.8464815274967703,266,0.0
Global (Mixed),1029,0.3642870850994593,1.5978401696693252,98,0.0
Global (Mixed),1030,0.9241807696238623,0.9716306492309519,82,0.0
Global (Mixed),1031,0.7380522816960219,0.8575795182407179,144,0.0
Global (Mixed),1032,0.8364268407226346,0.5712732013621362,153,0.0
Global (Mixed),1033,0.7124785291552284,1.1309938615390285,88,0.0
Global (Mixed),1034,0.7708453961988847,1.2130590637540661,132,0.0
Global (Mixed),1035,0.7480671549510639,1.3670167543422256,140,0.0
Global (Mixed),1036,0.7224253847477484,1.0208581790952604,90,0.0
Global (Mixed),1037,0.656457096323611,1.1170260267706604,83,0.0
Global (Mixed),1038,0.7730062473323129,1.5118586094196642,154,0.0
Global (Mixed),1039,0.830450273108248,1.60914835316574,91,0.0
Global (Mixed),1040,0.7651697647730923,0.8336495011692007,110,0.0
Global (Mixed),1041,0.7647560015087498,1.671843010021362,124,0.0
Global (Mixed),1042,0.8150031485663429,1.4446215132501707,147,0.0
Global (Mixed),1043,0.5615951453442628,1.1367819090085551,101,0.0
Global (Mixed),1044,0.8904262382929164,1.3172223849236036,150,0.0
Global (Mixed),1045,0.7468990819168458,1.0887022251939003,103,0.0
Global (Mixed),1046,0.8732556399653292,1.1292083141726126,110,0.0
Global (Mixed),1047,0.9153692509282512,0.8911998937729195,95,0.0
Global (Mixed),1048,0.898221595251292,0.3248145023543674,85,0.0
Global (Mixed),1049,0.8223147738554197,1.325514215480724,91,0.0
Global (Mixed),1050,0.7025233509289555,1.6789650585607314,137,0.0
Global (Mixed),1051,0.8042128826980082,1.2694135478738693,90,0.0
Global (Mixed),1052,0.7738783142458945,1.3340668282534176,91,0.0
Global (Mixed),1053,0.8008627283972449,1.2143482972850914,106,0.0
Global (Mixed),1054,0.8705747868075049,1.0876781799234838,114,0.0
Global (Mixed),1055,0.7842892577982515,2.0593138682247756,370,0.0
Global (Mixed),1056,0.8237673223202401,1.2790426517792248,98,0.0
Global (Mixed),1057,0.650847049115278,0.7597008170590072,80,0.0
Global (Mixed),1058,0.7391857179671122,0.6620823954137559,97,0.0
Global (Mixed),1059,0.7179927193277337,1.0511581357677569,95,0.0
Global (Mixed),1060,0.8378003459902976,0.5724997259636271,126,0.0
Global (Mixed),1061,0.7254339782789999,0.7497262013105569,90,0.0
Global (Mixed),1062,0.7790142799054065,1.464971590973951,115,0.0
Global (Mixed),1063,0.7463486871666155,1.1873954509652522,88,0.0
Global (Mixed),1064,0.8578481533123921,1.3318732457230362,95,0.0
Global (Mixed),1065,0.7236537599876375,1.0060117691996486,103,0.0
Global (Mixed),1066,0.8528587187435904,1.1719370583161237,93,0.0
Global (Mixed),1067,0.7402779912350832,0.7934514630135779,93,0.0
Global (Mixed),1068,0.8033431766974473,0.7929302392351582,129,0.0
Global (Mixed),1069,0.7681591536033083,1.383384577191692,156,0.0
Global (Mixed),1070,0.7399349495229557,1.288103809441601,142,0.0
Global (Mixed),1071,0.8916503683001067,1.1534247505426463,99,0.0
Global (Mixed),1072,0.8321135329857168,1.1945314467578092,111,0.0
Global (Mixed),1073,0.8570792773046774,1.151781061791359,78,0.0
Global (Mixed),1074,0.7980577323818429,0.8734650455345844,98,0.0
Global (Mixed),1075,0.7894225555944774,0.6444227012901335,95,0.0
Global (Mixed),1076,0.8629946576447878,1.4300252901009811,88,0.0
Global (Mixed),1077,0.764427886776991,1.5940762905444235,193,0.0
Global (Mixed),1078,0.7488220757049087,1.708991624155208,99,0.0
Global (Mixed),1079,0.7228684398031958,0.9734617497263257,122,0.0
Global (Mixed),1080,0.7816981413013137,0.2719944632577,79,0.0
Global (Mixed),1081,0.6562558013893842,1.0248062707299,92,0.0
Global (Mixed),1082,0.6867060791333537,1.1464976024642908,85,0.0
Global (Mixed),1083,0.7897246235837116,1.4137458989567284,145,0.0
Global (Mixed),1084,0.700094063513713,0.7756935537384116,123,0.0
Global (Mixed),1085,0.6903091273003898,1.598682767906569,118,0.0
Global (Mixed),1086,0.8094132281330514,1.5003671201414777,154,0.0
Global (Mixed),1087,0.584142491152165,1.7623928606288488,108,0.0
Global (Mixed),1088,0.6876827607008806,1.5775681059502094,130,0.0
Global (Mixed),1089,0.8496960002632218,0.5676937744014038,172,0.0
Global (Mixed),1090,0.6126044656208275,1.2010052899907377,161,0.0
Global (Mixed),1091,0.758661094878004,1.0200202650803554,98,0.0
Global (Mixed),1092,0.7765934075685081,1.8022675846986493,85,0.0
Global (Mixed),1093,0.8020227655168916,1.3955007194805191,93,0.0
Global (Mixed),1094,0.8192420201708442,0.5385563038754454,100,0.0
Global (Mixed),1095,0.7931151900497753,1.6933364148896028,89,0.0
Global (Mixed),1096,0.4179496212772561,1.3949878404223546,125,0.0
Global (Mixed),1097,0.543633339213049,0.941645599000908,93,0.0
Global (Mixed),1098,0.879500752427596,1.330479427028643,106,0.0
Global (Mixed),1099,0.7738272441761931,1.4296090613358998,94,0.0
Global (Mixed),1100,0.8512127142220629,0.5963975744925076,89,0.0
Global (Mixed),1101,0.6916452128917007,1.0415200924784318,104,0.0
Global (Mixed),1102,0.8043643361132177,1.4413763168326914,86,0.0
Global (Mixed),1103,0.8498929805833382,1.3002506895195483,126,0.0
Global (Mixed),1104,0.7894602255240757,0.5478948580776876,93,0.0
Global (Mixed),1105,0.7982774465662291,1.1808646118317774,91,0.0
Global (Mixed),1106,0.43057978542292996,1.1363810195315562,82,0.0
Global (Mixed),1107,0.7484809775561635,1.522373571635626,130,0.0
Global (Mixed),1108,0.6861684790792544,1.6030834891006158,95,0.0
Global (Mixed),1109,0.7413968589598233,1.9221211776787335,142,0.0
Global (Mixed),1110,0.7018699630695043,0.8717328858814215,140,0.0
Global (Mixed),1111,0.8323564638402733,1.270459898584894,170,0.0
Global (Mixed),1112,0.7403298357756632,1.5967789024609897,86,0.0
Global (Mixed),1113,0.7881581343397216,1.2878524676501373,82,0.0
Global (Mixed),1114,0.7668754611633365,0.5644339845479568,135,0.0
Global (Mixed),1115,0.7580028941300372,0.8776021789320977,107,0.0
Global (Mixed),1116,0.8119804359000818,1.7346322298701964,103,0.0
Global (Mixed),1117,0.8290027077827223,1.4650011997126928,118,0.0
Global (Mixed),1118,0.807590705887385,1.5359255631467164,116,0.0
Global (Mixed),1119,0.47305453812588033,0.7840962513705444,86,0.0
Global (Mixed),1120,0.7867362867598119,1.2937095939468193,138,0.0
Global (Mixed),1121,0.6544443642626999,1.546921670024716,90,0.0
Global (Mixed),1122,0.7684816876082815,1.7812440446333004,109,0.0
Global (Mixed),1123,0.7158894301824585,1.7907326981265808,121,0.0
Global (Mixed),1124,0.6944891858883901,1.3023843934988597,120,0.0
Global (Mixed),1125,0.7636684572390783,1.0417324939152914,143,0.0
Global (Mixed),1126,0.8509342242565299,1.7105828242468255,97,0.0
Global (Mixed),1127,0.7590230912299116,1.6759368150437353,94,0.0
Global (Mixed),1128,0.6577231297389248,1.3178521935222531,83,0.0
Global (Mixed),1129,0.7936759216914036,0.02665950694461328,78,0.0
Global (Mixed),1130,0.8624219594613408,1.5258638728874396,152,0.0
Global (Mixed),1131,0.7668002286037761,1.3649173533986658,210,0.0
Global (Mixed),1132,0.6850400661591238,1.5866189817914729,116,0.0
Global (Mixed),1133,0.7957219738542171,1.4755028637939893,132,0.0
Global (Mixed),1134,0.6407193384506559,0.9910662493416265,163,0.0
Global (Mixed),1135,0.8003271733826827,1.4605233622177325,118,0.0
Global (Mixed),1136,0.7655005453538941,1.5469480614456372,135,0.0
Global (Mixed),1137,0.7653810290529662,2.060031686835744,146,0.0
Global (Mixed),1138,0.7102318633997668,0.73649528491971,128,0.0
Global (Mixed),1139,0.71416996791508,1.3179920538224532,93,0.0
Global (Mixed),1140,0.695967697408967,0.5825183206185911,115,0.0
Global (Mixed),1141,0.7503130600011031,1.1305518102954017,119,0.0
Global (Mixed),1142,0.7209784813716097,0.7148600155568104,76,0.0
Global (Mixed),1143,0.7937342883152053,1.1589054542078745,121,0.0
Global (Mixed),1144,0.7578951718320394,1.768899646310117,127,0.0
Global (Mixed),1145,0.8041766122660678,1.1542477738583246,117,0.0
Global (Mixed),1146,0.41884234610582183,0.851776300881276,90,0.0
Global (Mixed),1147,0.7546685382427736,0.8384181875481747,136,0.0
Global (Mixed),1148,0.714081899107903,0.45600203078094087,170,0.0
Global (Mixed),1149,0.7340539867459138,0.9990200606712426,75,0.0
Global (Mixed),1150,0.8221343866549202,1.2650629335835546,184,0.0
Global (Mixed),1151,0.7309539722412156,0.8697231182142083,83,0.0
Global (Mixed),1152,0.8370986402707402,1.5552272821842554,89,0.0
Global (Mixed),1153,0.8532883461066969,1.8725431970310504,94,0.0
Global (Mixed),1154,0.7854259590065059,1.742959992988244,134,0.0
Global (Mixed),1155,0.7500897273554018,1.0022462698829677,107,0.0
Global (Mixed),1156,0.8337222133290535,1.4872906277313316,123,0.0
Global (Mixed),1157,0.8064103173212305,0.6044879591952266,91,0.0
Global (Mixed),1158,0.7521453912883013,1.3920551922126716,82,0.0
Global (Mixed),1159,0.7515353329383861,0.7054423685966759,78,0.0
Global (Mixed),1160,0.6676446135565428,1.1451230734014082,78,0.0
Global (Mixed),1161,0.8241554013669643,0.7607692070914629,84,0.0
Global (Mixed),1162,0.7557020802351381,0.9947793834494157,94,0.0
Global (Mixed),1163,0.8163384650798082,1.9532707402396465,76,0.0
Global (Mixed),1164,0.7976046584774422,1.1837326454048518,87,0.0
Global (Mixed),1165,0.7874988632954361,1.1927167351190877,94,0.0
Global (Mixed),1166,0.8092157299605752,1.3244994008473958,102,0.0
Global (Mixed),1167,0.8388399239954448,1.1228532160643772,128,0.0
Global (Mixed),1168,0.6578354935256423,0.9296736413480065,88,0.0
Global (Mixed),1169,0.750242445508394,0.5863322229446848,133,0.0
Global (Mixed),1170,0.8010071802375298,1.781066325540775,78,0.0
Global (Mixed),1171,0.7591693287557427,0.6122080481100197,124,0.0
Global (Mixed),1172,0.7083743517713339,1.0380010857601198,106,0.0
Global (Mixed),1173,0.2994278602585831,1.3191153966414597,111,0.0
Global (Mixed),1174,0.8917360877236198,1.6829025352407745,88,0.0
Global (Mixed),1175,0.8299212300580312,1.8264430780834169,126,0.0
Global (Mixed),1176,0.7595855623519847,1.9326327825393737,153,0.0
Global (Mixed),1177,0.8129249802068623,0.555533559100188,129,0.0
Global (Mixed),1178,0.7741683405216373,1.4060736832025198,85,0.0
Global (Mixed),1179,0.864649240687108,0.8973190687584002,108,0.0
Global (Mixed),1180,0.7876202544456776,1.4631892632199592,78,0.0
Global (Mixed),1181,0.8045559198653773,1.5302416888676844,193,0.0
Global (Mixed),1182,0.5368428799173477,1.664271331542901,84,0.0
Global (Mixed),1183,0.732535116736925,1.8983332722219441,115,0.0
Global (Mixed),1184,0.7598163724374638,1.6391494168203935,121,0.0
Global (Mixed),1185,0.8063785534480953,1.26130858741106,132,0.0
Global (Mixed),1186,0.8069798185750523,1.4146179311565643,82,0.0
Global (Mixed),1187,0.774626863970071,1.4960704258067348,231,0.0
Global (Mixed),1188,0.7654457995477516,1.4139508297853032,164,0.0
Global (Mixed),1189,0.7817574343875973,1.227855539338531,96,0.0
Global (Mixed),1190,0.8792004439071215,1.3432183676931038,141,0.0
Global (Mixed),1191,0.8629442114572644,1.4480904406178179,85,0.0
Global (Mixed),1192,0.6319855464153992,0.8988894804138493,84,0.0
Global (Mixed),1193,0.8612196969733155,0.9625217734338875,176,0.0
Global (Mixed),1194,0.8612888763887088,0.33997024060671394,95,0.0
Global (Mixed),1195,0.8638295051073175,1.4388643406527764,152,0.0
Global (Mixed),1196,0.7662746117724137,0.38807887207866687,129,0.0
Global (Mixed),1197,0.6728424242606268,1.5139606480149173,82,0.0
Global (Mixed),1198,0.688386801343218,1.0859903522696817,87,0.0
Global (Mixed),1199,0.824040740504133,1.1682858263056115,119,0.0
Global (Mixed),1200,0.8897392131326807,1.4087663563151478,98,0.0
Global (Mixed),1201,0.701152649947695,1.231391372037637,109,0.0
Global (Mixed),1202,0.8402244232852463,1.0436495349548596,104,0.0
Global (Mixed),1203,0.8923375005720419,1.229465386371834,88,0.0
Global (Mixed),1204,0.7907076508030658,0.8246286580960186,92,0.0
Global (Mixed),1205,0.8557121503398033,1.2116813968138285,77,0.0
Global (Mixed),1206,0.7879648381762755,0.9410228621534021,111,0.0
Global (Mixed),1207,0.9074883329292596,1.237271500695314,122,0.0
Global (Mixed),1208,0.7271285347776488,1.344778540567638,93,0.0
Global (Mixed),1209,0.8467235512550885,1.080294295818132,77,0.0
Global (Mixed),1210,0.7924615518430407,1.0962986388484393,84,0.0
Global (Mixed),1211,0.5497813184976287,0.9672255787184189,79,0.0
Global (Mixed),1212,0.8053624278547589,0.9061734134788316,97,0.0
Global (Mixed),1213,0.8260621887159262,1.2200723373383255,141,0.0
Global (Mixed),1214,0.7398631361396519,1.122695649286307,109,0.0
Global (Mixed),1215,0.7015209854426783,1.490384749283394,74,0.0
Global (Mixed),1216,0.7174559231740697,1.0563002301649211,93,0.0
Global (Mixed),1217,0.6284597899363882,1.1808239093680344,71,0.0
Global (Mixed),1218,0.8378144721269872,1.2304817447884335,183,0.0
Global (Mixed),1219,0.9221281717530314,0.8108155203838889,94,0.0
Global (Mixed),1220,0.7239874801470303,1.4540901885335493,96,0.0
Global (Mixed),1221,0.8037594809909481,1.2640277293663584,83,0.0
Global (Mixed),1222,0.8640492588613078,1.6927157387633693,182,0.0
Global (Mixed),1223,0.7437974216984096,1.0349101581887112,172,0.0
Global (Mixed),1224,0.7849217714711771,0.9470546899017271,79,0.0
Global (Mixed),1225,0.7952032827924214,1.4560539301707411,106,0.0
Global (Mixed),1226,0.8074762619841366,1.670320804050302,162,0.0
Global (Mixed),1227,0.7859625900429753,1.5568310243459311,107,0.0
Global (Mixed),1228,0.8142075446201796,0.8664954803469522,152,0.0
Global (Mixed),1229,0.8030509310974618,1.3567126663452702,139,0.0
Global (Mixed),1230,0.6974925501220169,1.2087758671743036,101,0.0
Global (Mixed),1231,0.8297178828618869,1.2585580878843228,151,0.0
Global (Mixed),1232,0.8543382578324237,0.6071276841581394,115,0.0
Global (Mixed),1233,0.8056343105971643,1.93036529820136,159,0.0
Global (Mixed),1234,0.6955204477401753,1.3739165535362792,102,0.0
Global (Mixed),1235,0.7791164403540239,0.6048288694267308,103,0.0
Global (Mixed),1236,0.8033419600856558,1.2517426167224348,147,0.0
Global (Mixed),1237,0.8209871949531243,1.801094498563841,110,0.0
Global (Mixed),1238,0.7507948902120649,1.6857598735097687,307,0.0
Global (Mixed),1239,0.7654935383714636,1.296305361624651,122,0.0
Global (Mixed),1240,0.758476646174146,0.48280193576150665,86,0.0
Global (Mixed),1241,0.5352294375118201,1.3853119428852467,93,0.0
Global (Mixed),1242,0.9468127161421205,0.8817664374011284,79,0.0
Global (Mixed),1243,0.6643404950245942,1.1562825687018887,80,0.0
Global (Mixed),1244,0.7481577876387228,0.6405473623795132,93,0.0
Global (Mixed),1245,0.6893993060896546,1.080212387982851,73,0.0
Global (Mixed),1246,0.8789678646054804,0.9755167542908251,93,0.0
Global (Mixed),1247,0.8294170478700689,0.9977691234564735,125,0.0
Global (Mixed),1248,0.7851416298026552,1.6347028364386005,123,0.0
Global (Mixed),1249,0.8189368288732769,0.8436373215816221,85,0.0
Global (Mixed),1250,0.959122456901538,0.18838012797723017,81,0.0
Global (Mixed),1251,0.8738393221546422,0.39196879831995424,74,0.0
Global (Mixed),1252,0.8574940580107172,1.2226635342971641,129,0.0
Global (Mixed),1253,0.7308770095456442,1.068110442061836,102,0.0
Global (Mixed),1254,0.7888200144095129,1.594949488923884,197,0.0
Global (Mixed),1255,0.8622528209661601,1.3793585611566248,108,0.0
Global (Mixed),1256,0.7779882813976513,0.7773601394890582,79,0.0
Global (Mixed),1257,0.7665879745204723,0.7396930509863856,129,0.0
Global (Mixed),1258,0.7453068522273064,1.7455455467556111,123,0.0
Global (Mixed),1259,0.9594704497783363,0.21340717329664655,85,0.0
Global (Mixed),1260,0.7219303390394142,1.4850686733548253,160,0.0
Global (Mixed),1261,0.7658425575525972,0.8521803439747102,75,0.0
Global (Mixed),1262,0.8252632137299705,1.1906817865245443,87,0.0
Global (Mixed),1263,0.6919656164938305,0.9947961080902602,75,0.0
Global (Mixed),1264,0.7322944343070418,1.2090070779729045,121,0.0
Global (Mixed),1265,0.6662534841812876,1.293435864423146,101,0.0
Global (Mixed),1266,0.7414396423067328,1.1677478752851462,68,0.0
Global (Mixed),1267,0.808709527761888,1.7861980065949907,164,0.0
Global (Mixed),1268,0.7922112667627916,0.7840823934011804,135,0.0
Global (Mixed),1269,0.5020756862831548,1.4348483570182164,139,0.0
Global (Mixed),1270,0.8460805110053448,0.6519554281920964,101,0.0
Global (Mixed),1271,0.7024532203455267,1.837196441617173,102,0.0
Global (Mixed),1272,0.7697461024488981,1.4300200002982166,130,0.0
Global (Mixed),1273,0.7988270631959712,1.112097754026007,136,0.0
Global (Mixed),1274,0.8844509717673205,1.14079438198732,138,0.0
Global (Mixed),1275,0.7120569559376349,1.2790242530557427,88,0.0
Global (Mixed),1276,0.859948569758194,1.2230564080972777,220,0.0
Global (Mixed),1277,0.7960931514493942,1.660786012725102,145,0.0
Global (Mixed),1278,0.7284610702218284,0.8895293364697294,74,0.0
Global (Mixed),1279,0.817020724104443,1.1446010436582228,89,0.0
Global (Mixed),1280,0.7894210913165333,1.3102008476792928,140,0.0
Global (Mixed),1281,0.7648267061277143,1.0474641186932478,117,0.0
Global (Mixed),1282,0.801874062191326,1.3345904722961375,122,0.0
Global (Mixed),1283,0.6894641752585232,0.4449617533320743,176,0.0
Global (Mixed),1284,0.7913549922681012,1.2416345903406734,107,0.0
Global (Mixed),1285,0.7797256892593459,0.48938029956536955,193,0.0
Global (Mixed),1286,0.7896334494726347,1.2459564959235196,108,0.0
Global (Mixed),1287,0.7964187785116374,1.061687653513203,94,0.0
Global (Mixed),1288,0.8168361201984223,1.5757530420720598,137,0.0
Global (Mixed),1289,0.8201371703556657,0.41607275931064625,127,0.0
Global (Mixed),1290,0.6860524551386025,0.5084009209996735,85,0.0
Global (Mixed),1291,0.7239655782201926,1.7054923585670843,83,0.0
Global (Mixed),1292,0.8592397263703637,0.5018887544669124,101,0.0
Global (Mixed),1293,0.7400707575460951,0.6788870096524937,106,0.0
Global (Mixed),1294,0.8526744391079054,1.3976816045350973,84,0.0
Global (Mixed),1295,0.7681472522406645,1.3023609037572432,73,0.0
Global (Mixed),1296,0.7482030647230816,0.9997388170896337,126,0.0
Global (Mixed),1297,0.3624668301067197,1.4062131703697123,101,0.0
Global (Mixed),1298,0.7117331933404468,1.3196083133612209,88,0.0
Global (Mixed),1299,0.8316099715096106,1.3654470144418718,75,0.0
Global (Mixed),1300,0.8692518889162647,1.3234362283663328,85,0.0
Global (Mixed),1301,0.7650618469697344,1.4030046875283229,77,0.0
Global (Mixed),1302,0.6943923148962011,1.162914982935955,102,0.0
Global (Mixed),1303,0.7540722569939572,1.4390096241335295,102,0.0
Global (Mixed),1304,0.7341602063259612,1.742042290123868,73,0.0
Global (Mixed),1305,0.7463828336169291,2.0321306155513104,77,0.0
Global (Mixed),1306,0.7390165942420677,1.8404236629298805,195,0.0
Global (Mixed),1307,0.9213040378944339,1.1354923308664235,109,0.0
Global (Mixed),1308,0.8029916139531239,1.1052085885193905,127,0.0
Global (Mixed),1309,0.909542780779896,0.926372578212895,90,0.0
Global (Mixed),1310,0.8268338482412365,0.9634220491193072,73,0.0
Global (Mixed),1311,0.836237533470488,1.5779550537692482,90,0.0
Global (Mixed),1312,0.8802016510444133,1.5685148087384824,125,0.0
Global (Mixed),1313,0.9022577842094439,1.0593155428746106,67,0.0
Global (Mixed),1314,0.45125061633662983,1.4237963905230002,75,0.0
Global (Mixed),1315,0.5160803301967513,1.4080740605398132,113,0.0
Global (Mixed),1316,0.8242763991423071,0.7183495781661435,108,0.0
Global (Mixed),1317,0.9066762312982144,0.9501389128477907,85,0.0
Global (Mixed),1318,0.8274083078621682,1.0798258287412181,83,0.0
Global (Mixed),1319,0.7959359867777073,0.8209148996499549,85,0.0
Global (Mixed),1320,0.8474781260100896,1.0040154805127506,150,0.0
Global (Mixed),1321,0.7760999549042162,1.2654880479932484,73,0.0
Global (Mixed),1322,0.5433144603220984,1.4845661040445823,99,0.0
Global (Mixed),1323,0.7622359185789411,1.500871833338334,84,0.0
Global (Mixed),1324,0.7570079124698879,1.6294668398511594,106,0.0
Global (Mixed),1325,0.8015062450118849,1.1646641876172257,99,0.0
Global (Mixed),1326,0.7696571290726147,1.1818954875553596,134,0.0
Global (Mixed),1327,0.8040595349908054,1.4586775559128229,77,0.0
Global (Mixed),1328,0.833793644246028,1.3807176241297778,69,0.0
Global (Mixed),1329,0.5714704097458695,1.570032638339993,120,0.0
Global (Mixed),1330,0.84721131256328,0.5199255203996292,104,0.0
Global (Mixed),1331,0.8651548083517455,1.440176950363183,108,0.0
Global (Mixed),1332,0.8508129065738345,0.4734832492890052,81,0.0
Global (Mixed),1333,0.7755240410644141,1.6039143069873885,75,0.0
Global (Mixed),1334,0.7109883990120097,1.2502516289791406,95,0.0
Global (Mixed),1335,0.834820357693642,1.773592745499139,116,0.0
Global (Mixed),1336,0.7761185408515964,2.0212383352506107,232,0.0
Global (Mixed),1337,0.8107404348801722,0.9106068543974177,74,0.0
Global (Mixed),1338,0.772912076482412,1.419224206336241,92,0.0
Global (Mixed),1339,0.8596287146835118,1.6468742329561306,104,0.0
Global (Mixed),1340,0.7519484154924111,1.343771566848318,85,0.0
Global (Mixed),1341,0.8172595358124939,1.0064096460284455,92,0.0
Global (Mixed),1342,0.7078309308209549,1.33448204226393,81,0.0
Global (Mixed),1343,0.8049544562035799,1.6240096495720227,71,0.0
Global (Mixed),1344,0.8020292755610817,1.268094302003708,132,0.0
Global (Mixed),1345,0.8252082395472854,1.4276077384343038,153,0.0
Global (Mixed),1346,0.5814041435750826,1.393960576051398,110,0.0
Global (Mixed),1347,0.8332206128916578,1.7836027280679552,109,0.0
Global (Mixed),1348,0.8057323656163798,0.5173576002892004,86,0.0
Global (Mixed),1349,0.6871109012672953,1.5032914199345428,228,0.0
Global (Mixed),1350,0.8591740402662648,0.8917447812951408,75,0.0
Global (Mixed),1351,0.7641891308873069,0.24931063921136767,333,0.0
Global (Mixed),1352,0.7317197974917528,0.8451959146978718,109,0.0
Global (Mixed),1353,0.7480288957585157,1.1494578204375077,99,0.0
Global (Mixed),1354,0.7357560215786435,0.6767459022490093,70,0.0
Global (Mixed),1355,0.8084411531429022,1.2024163230176796,71,0.0
Global (Mixed),1356,0.7354141051531855,0.6953887640555563,103,0.0
Global (Mixed),1357,0.7344482861379583,1.279597827638142,86,0.0
Global (Mixed),1358,0.6951636006656727,1.4096283120447464,122,0.0
Global (Mixed),1359,0.630717412147808,1.1319985345094734,78,0.0
Global (Mixed),1360,0.8202667474780398,0.9183816764522064,163,0.0
Global (Mixed),1361,0.8386233620421334,0.5656594081432093,96,0.0
Global (Mixed),1362,0.8514112835731249,1.2604703207183068,111,0.0
Global (Mixed),1363,0.7827658267105586,1.49750061152156,97,0.0
Global (Mixed),1364,0.715226936171391,1.3539580551562789,73,0.0
Global (Mixed),1365,0.8492274423556501,1.2989126021861943,86,0.0
Global (Mixed),1366,0.8802095903590417,1.3714886658523202,107,0.0
Global (Mixed),1367,0.812370294133003,0.8261898827831688,110,0.0
Global (Mixed),1368,0.7888634591405675,1.2043227252958322,152,0.0
Global (Mixed),1369,0.823407805514209,1.2320979221704806,72,0.0
Global (Mixed),1370,0.7125685920974745,1.2915813730302532,76,0.0
Global (Mixed),1371,0.7695821865829251,0.9970020160633817,80,0.0
Global (Mixed),1372,0.87890500070535,0.9293537392021244,98,0.0
Global (Mixed),1373,0.8224856759337713,0.9609313501901037,90,0.0
Global (Mixed),1374,0.767569662990904,1.5081061193575511,79,0.0
Global (Mixed),1375,0.7708654465189891,0.9011353092427811,96,0.0
Global (Mixed),1376,0.7733418470130329,0.85798122952332,114,0.0
Global (Mixed),1377,0.5716558749126955,1.9338413414545166,70,0.0
Global (Mixed),1378,0.7670416793327146,1.5939740907255628,80,0.0
Global (Mixed),1379,0.7774692537665681,1.3329732475539307,79,0.0
Global (Mixed),1380,0.747997696731499,0.9899549835722379,138,0.0
Global (Mixed),1381,0.7244762692080366,0.758411536158989,165,0.0
Global (Mixed),1382,0.8872021255112941,1.074215867981888,115,0.0
Global (Mixed),1383,0.799757492396929,0.7643775908763499,112,0.0
Global (Mixed),1384,0.6381262904981586,1.2335623940498475,66,0.0
Global (Mixed),1385,0.7050901162978386,0.670361846822921,94,0.0
Global (Mixed),1386,0.8186192669702518,1.2610560477664792,102,0.0
Global (Mixed),1387,0.7620458896013443,1.8192048993915988,126,0.0
Global (Mixed),1388,0.7813502003912401,1.3564617984415552,97,0.0
Global (Mixed),1389,0.8151633617143307,1.3064323395218833,122,0.0
Global (Mixed),1390,0.8442506016510255,1.9069849105403387,75,0.0
Global (Mixed),1391,0.7221389744336366,1.6040357506741836,79,0.0
Global (Mixed),1392,0.7923240782905212,1.6399679794835302,77,0.0
Global (Mixed),1393,0.8203730996976414,1.6226920755224887,79,0.0
Global (Mixed),1394,0.8297449010283069,1.8412587888756249,96,0.0
Global (Mixed),1395,0.7863311748575927,0.28627870954478246,89,0.0
Global (Mixed),1396,0.6454371663653177,1.2044611576268236,101,0.0
Global (Mixed),1397,0.6543492390707648,0.7306595720298786,159,0.0
Global (Mixed),1398,0.7220254906339116,1.472278148603605,63,0.0
Global (Mixed),1399,0.8960179161842972,0.37834282681311515,80,0.0
Global (Mixed),1400,0.8973443281905678,0.8646288818109193,64,0.0
Global (Mixed),1401,0.6038967494138117,0.978068954236024,89,0.0
Global (Mixed),1402,0.7550060206845695,2.0088388083191533,80,0.0
Global (Mixed),1403,0.8550253359685906,1.2998586588953869,97,0.0
Global (Mixed),1404,0.7945485672531245,0.8159263796775452,87,0.0
Global (Mixed),1405,0.8912365420774054,0.7704937134225297,79,0.0
Global (Mixed),1406,0.6621526413465644,1.3773255912980038,78,0.0
Global (Mixed),1407,0.7761829187673532,1.4723228831403,126,0.0
Global (Mixed),1408,0.9122083663368464,0.8984551747960359,94,0.0
Global (Mixed),1409,0.8266846392953952,1.3316611319036347,191,0.0
Global (Mixed),1410,0.6742264039421667,1.2918897839202022,65,0.0
Global (Mixed),1411,0.8051470691992993,1.1712723540380123,75,0.0
Global (Mixed),1412,0.37374111761039985,1.5453271136629576,85,0.0
Global (Mixed),1413,0.6538099762701298,0.9477787996359716,66,0.0
Global (Mixed),1414,0.6510959626580572,0.9260014097464367,70,0.0
Global (Mixed),1415,0.6139928949314143,2.1018754432726032,62,0.0
Global (Mixed),1416,0.8034553724422215,1.7934139665584712,94,0.0
Global (Mixed),1417,0.802951757027107,0.7730165534751212,81,0.0
Global (Mixed),1418,0.718855834864368,1.5005961692258958,188,0.0
Global (Mixed),1419,0.9016368314562581,1.3519632800036616,121,0.0
Global (Mixed),1420,0.901606572508058,0.8982354497204833,66,0.0
Global (Mixed),1421,0.7290544634896795,0.9768094918322007,95,0.0
Global (Mixed),1422,0.8605776116821489,0.5574550612573349,78,0.0
Global (Mixed),1423,0.7691485264574637,1.233597010204325,91,0.0
Global (Mixed),1424,0.8502866610454277,1.3232319217055315,118,0.0
Global (Mixed),1425,0.8278112160332993,1.5894776632866703,81,0.0
Global (Mixed),1426,0.7368371571040679,0.8087272355539722,61,0.0
Global (Mixed),1427,0.7368779753870225,1.097697683500456,82,0.0
Global (Mixed),1428,0.7181311933461817,1.2258223950750573,101,0.0
Global (Mixed),1429,0.7743377703221157,1.550744485911519,91,0.0
Global (Mixed),1430,0.7342557678067382,1.2103279126609388,78,0.0
Global (Mixed),1431,0.7653652468329512,1.413216403839785,130,0.0
Global (Mixed),1432,0.7610582757128512,1.0225644598286399,118,0.0
Global (Mixed),1433,0.8367498344285159,1.0762165722928738,72,0.0
Global (Mixed),1434,0.8045420213519613,0.6579989060266634,108,0.0
Global (Mixed),1435,0.9378891264517454,0.24502518147554772,65,0.0
Global (Mixed),1436,0.7496141061803591,1.3602509564144964,78,0.0
Global (Mixed),1437,0.8718505781865091,1.1294348416881967,137,0.0
Global (Mixed),1438,0.8719666883315604,1.0436212014453359,63,0.0
Global (Mixed),1439,0.9700694472346837,0.7901844319648663,62,0.0
Global (Mixed),1440,0.8347189392468736,0.6540703479689204,119,0.0
Global (Mixed),1441,0.8122302602955104,1.1015396546316054,95,0.0
Global (Mixed),1442,0.8974982397101589,0.36483268762274257,74,0.0
Global (Mixed),1443,0.7568347412960217,0.7798218106196105,93,0.0
Global (Mixed),1444,0.8564947982093404,1.6009754235826303,100,0.0
Global (Mixed),1445,0.699918583440413,1.0111133149432872,70,0.0
Global (Mixed),1446,0.8363894511823132,1.3884842964717363,63,0.0
Global (Mixed),1447,0.8156113395339281,1.224075945480451,93,0.0
Global (Mixed),1448,0.7572322122872442,4.098861880792793,96,0.0
Global (Mixed),1449,0.762103783459872,0.8038108019436121,78,0.0
Global (Mixed),1450,0.7621021863039642,0.6941826239561009,85,0.0
Global (Mixed),1451,0.8002355379351445,1.301026539838107,72,0.0
Global (Mixed),1452,0.7902725913349729,1.1156286737993002,61,0.0
Global (Mixed),1453,0.7451407735980216,1.241901489433658,117,0.0
Global (Mixed),1454,0.7622377553449585,1.4007785297645916,138,0.0
Global (Mixed),1455,0.8560466471609595,1.1031828037718145,115,0.0
Global (Mixed),1456,0.8091571981209416,1.3834794760147007,74,0.0
Global (Mixed),1457,0.8698541257697888,1.4513825472383004,106,0.0
Global (Mixed),1458,0.6956144379484734,1.1125451561328583,79,0.0
Global (Mixed),1459,0.6763238381323556,1.6111835944724333,95,0.0
Global (Mixed),1460,0.860312954806982,1.2830927653412514,67,0.0
Global (Mixed),1461,0.7666253879519169,1.4761522790141015,92,0.0
Global (Mixed),1462,0.9294760965658572,0.8793620983308449,76,0.0
Global (Mixed),1463,0.747990467621835,1.332091351052635,154,0.0
Global (Mixed),1464,0.8382594641121957,1.4190758842173812,115,0.0
Global (Mixed),1465,0.8877348288245537,1.0673778383103556,72,0.0
Global (Mixed),1466,0.8022350372650241,0.834574762538449,115,0.0
Global (Mixed),1467,0.8348629913687344,1.6703225963285393,97,0.0
Global (Mixed),1468,0.7909060732734524,1.3749452095662296,111,0.0
Global (Mixed),1469,0.7246860646125549,1.0800194570161092,84,0.0
Global (Mixed),1470,0.6881392983700956,0.7612241810516825,82,0.0
Global (Mixed),1471,0.7917195956290225,1.4343181100289892,91,0.0
Global (Mixed),1472,0.7652083039618001,1.4147567573505837,73,0.0
Global (Mixed),1473,0.7824175013418787,0.9138167411365211,82,0.0
Global (Mixed),1474,0.7596803015979915,0.4117103525909328,102,0.0
Global (Mixed),1475,0.8518802124423334,0.8436943800144304,86,0.0
Global (Mixed),1476,0.7443821897950271,1.581859622809356,77,0.0
Global (Mixed),1477,0.8804053094630456,1.8401469942139907,79,0.0
Global (Mixed),1478,0.8419628035475623,1.5513651236123063,75,0.0
Global (Mixed),1479,0.6835308622196705,1.6422286691971921,122,0.0
Global (Mixed),1480,0.8282699505080969,1.3458941779597728,89,0.0
Global (Mixed),1481,0.9196655931650799,1.3445302269664343,89,0.0
Global (Mixed),1482,0.6761704458946766,1.1669810345122176,76,0.0
Global (Mixed),1483,0.8378608763422492,1.3397049738098255,66,0.0
Global (Mixed),1484,0.7739064888813516,1.4632126586541512,62,0.0
Global (Mixed),1485,0.8731296243803119,1.8773464012726369,64,0.0
Global (Mixed),1486,0.8627173955404326,1.0821838468052636,82,0.0
Global (Mixed),1487,0.7914024201921466,0.7407477311438271,69,0.0
Global (Mixed),1488,0.7014189944276658,1.1751793547188332,59,0.0
Global (Mixed),1489,0.7814594667072676,1.443238042176533,191,0.0
Global (Mixed),1490,0.7596872739971675,1.7612019162764248,71,0.0
Global (Mixed),1491,0.8240842700533891,1.4302006010076385,72,0.0
Global (Mixed),1492,0.7717351243808064,1.6623917341863002,178,0.0
Global (Mixed),1493,0.8666900849618718,0.2651065751163223,85,0.0
Global (Mixed),1494,0.8124525963608537,1.3302551602163613,108,0.0
Global (Mixed),1495,0.6494804120353813,1.4232799528694744,78,0.0
Global (Mixed),1496,0.7255756681382256,1.1519544902780157,96,0.0
Global (Mixed),1497,0.753135353120432,1.1969765855258698,202,0.0
Global (Mixed),1498,0.7806169315100547,1.6910896797691903,68,0.0
Global (Mixed),1499,0.8273246934931535,1.3528035633443656,130,0.0
Global (Mixed),1500,0.6532781344762435,1.1163580994403584,64,0.0
Global (Mixed),1501,0.8099454014788002,1.452797560961086,63,0.0
Global (Mixed),1502,0.6582715342313872,1.1793747509221373,76,0.0
Global (Mixed),1503,0.8661973677565417,1.0064650344988146,85,0.0
Global (Mixed),1504,0.7149256060299409,0.846727199753148,61,0.0
Global (Mixed),1505,0.7865955765091778,1.3709859525720551,71,0.0
Global (Mixed),1506,0.8650338618817156,1.6375515834384027,65,0.0
Global (Mixed),1507,0.8134188406275942,1.5030708712465741,101,0.0
Global (Mixed),1508,0.9194454554638886,0.9181948188386003,90,0.0
Global (Mixed),1509,0.8318304720822489,1.1957139289151133,80,0.0
Global (Mixed),1510,0.7375807215853619,1.1116572144501085,139,0.0
Global (Mixed),1511,0.7814400022725823,0.9129867385454001,58,0.0
Global (Mixed),1512,0.8311537005520211,1.3810674402918939,71,0.0
Global (Mixed),1513,0.7825236498923218,1.5316093076320365,61,0.0
Global (Mixed),1514,0.7901947261767297,1.428892722138055,71,0.0
Global (Mixed),1515,0.9601454362396287,0.0803648904997038,69,0.0
Global (Mixed),1516,0.761096833684164,1.544755349435352,94,0.0
Global (Mixed),1517,0.7781670711355861,0.7362657657966865,81,0.0
Global (Mixed),1518,0.6853681642336614,1.0270549186283697,60,0.0
Global (Mixed),1519,0.7256644021319412,0.8028342224162491,78,0.0
Global (Mixed),1520,0.8079461908093599,1.7289085388049836,88,0.0
Global (Mixed),1521,0.82080129567837,1.437134715363341,63,0.0
Global (Mixed),1522,0.8187527667384842,1.0494002146142154,83,0.0
Global (Mixed),1523,0.8941611480178808,1.1221824590174403,94,0.0
Global (Mixed),1524,0.7313411731198922,1.4968801558999212,64,0.0
Global (Mixed),1525,0.7953322221589226,1.4863656962876906,65,0.0
Global (Mixed),1526,0.8057771096173372,1.4158190905646075,131,0.0
Global (Mixed),1527,0.8039918820337703,0.6781849531752355,74,0.0
Global (Mixed),1528,0.6249481060072773,1.4273484993065926,67,0.0
Global (Mixed),1529,0.5505509627008672,1.2228425749779523,55,0.0
Global (Mixed),1530,0.6679915595749778,0.8249047136616566,67,0.0
Global (Mixed),1531,0.646634963540294,0.8637346051048158,66,0.0
Global (Mixed),1532,0.8162098875922612,1.0729013483669223,72,0.0
Global (Mixed),1533,0.7815380581359564,1.1786856506690992,84,0.0
Global (Mixed),1534,0.9189077996006111,1.2382327372050321,84,0.0
Global (Mixed),1535,0.7624795161539041,0.6676507832698987,92,0.0
Global (Mixed),1536,0.45767724314155944,1.599719979818966,94,0.0
Global (Mixed),1537,0.8121664650068758,1.4078224533379822,90,0.0
Global (Mixed),1538,0.8447782438441164,1.2398796417860964,77,0.0
Global (Mixed),1539,0.8108889418489442,1.0814421775009684,166,0.0
Global (Mixed),1540,0.7036370719271068,1.1308691183896866,107,0.0
Global (Mixed),1541,0.622511263624646,1.5602197126973807,95,0.0
Global (Mixed),1542,0.9331307635598587,1.17410416874413,57,0.0
Global (Mixed),1543,0.8288137771417818,1.0227965155831944,58,0.0
Global (Mixed),1544,0.711023757900541,1.480460466630057,100,0.0
Global (Mixed),1545,0.7159948993408898,1.6361460437950275,87,0.0
Global (Mixed),1546,0.6861948595999922,1.2462247228030476,65,0.0
Global (Mixed),1547,0.7209675948385764,1.0232616355210862,90,0.0
Global (Mixed),1548,0.7392370929031996,1.1331820274286122,96,0.0
Global (Mixed),1549,0.843152464117307,1.2034534163734218,107,0.0
Global (Mixed),1550,0.8539415756914245,1.7841199515143686,195,0.0
Global (Mixed),1551,0.7927783059810527,1.4153291052696435,89,0.0
Global (Mixed),1552,0.6915698096619324,1.3631018341357743,68,0.0
Global (Mixed),1553,0.7871930069961725,1.193101619795413,157,0.0
Global (Mixed),1554,0.7732756421310659,1.6231416579003526,111,0.0
Global (Mixed),1555,0.8547836303561962,1.112525219424502,89,0.0
Global (Mixed),1556,0.8254841312556607,1.4570213446246671,80,0.0
Global (Mixed),1557,0.7952562415358183,1.0040202633442732,73,0.0
Global (Mixed),1558,0.8262572821736412,1.4378664685301368,119,0.0
Global (Mixed),1559,0.7450680280045948,0.7507065078420804,111,0.0
Global (Mixed),1560,0.7803659174808455,2.067739015757234,118,0.0
Global (Mixed),1561,0.8020311549006991,1.3400057853544884,78,0.0
Global (Mixed),1562,0.45252462264077986,1.2892939608786547,57,0.0
Global (Mixed),1563,0.8451647778165857,1.0960685024930141,103,0.0
Global (Mixed),1564,0.8861830673900258,1.6176177498934923,95,0.0
Global (Mixed),1565,0.6874799735012302,1.5073168005141249,58,0.0
Global (Mixed),1566,0.7880349784742935,1.6497558601411149,60,0.0
Global (Mixed),1567,0.8692263925904555,1.5141914572394846,102,0.0
Global (Mixed),1568,0.7884092036002023,1.617067879599227,70,0.0
Global (Mixed),1569,0.7787304146201635,1.2349712138948183,60,0.0
Global (Mixed),1570,0.832929466347833,1.2098842887578733,121,0.0
Global (Mixed),1571,0.7986417869074831,1.5116672856801352,57,0.0
Global (Mixed),1572,0.74920140095188,1.6307558175096633,83,0.0
Global (Mixed),1573,0.7407386759187602,0.519825627805116,65,0.0
Global (Mixed),1574,0.7386672146225262,1.2908967925911665,62,0.0
Global (Mixed),1575,0.770887738886816,1.1616492460733268,79,0.0
Global (Mixed),1576,0.6843797518870022,1.5000794395647463,142,0.0
Global (Mixed),1577,0.7844448588572649,0.6686513872851727,89,0.0
Global (Mixed),1578,0.8749930377332615,1.585608821617621,171,0.0
Global (Mixed),1579,0.77273155060524,0.5260365744421793,124,0.0
Global (Mixed),1580,0.7348634718889782,1.1335230740880453,66,0.0
Global (Mixed),1581,0.9006269869036817,1.4146614116436493,78,0.0
Global (Mixed),1582,0.7377344130282177,1.1500979307849535,55,0.0
Global (Mixed),1583,0.7803213580726005,1.7425604714616871,83,0.0
Global (Mixed),1584,0.5797069101307334,1.5566124356926083,61,0.0
Global (Mixed),1585,0.8336018465327928,1.4754729831339675,57,0.0
Global (Mixed),1586,0.7623443603105513,0.5852105105678896,82,0.0
Global (Mixed),1587,0.825139056775823,0.9811435599970605,66,0.0
Global (Mixed),1588,0.772509751278532,0.8950000915839215,66,0.0
Global (Mixed),1589,0.855118258143812,1.184514202993922,55,0.0
Global (Mixed),1590,0.7626965069732963,0.6146558703343241,119,0.0
Global (Mixed),1591,0.7976286538443469,1.3585057622798729,73,0.0
Global (Mixed),1592,0.7758574604192565,1.8148326113707827,218,0.0
Global (Mixed),1593,0.8763935101011546,1.1915088135114513,78,0.0
Global (Mixed),1594,0.723351895081104,1.0578233931462533,74,0.0
Global (Mixed),1595,0.6920852453105016,1.5886300880009794,94,0.0
Global (Mixed),1596,0.6975533735613019,1.2076808720779553,52,0.0
Global (Mixed),1597,0.7670236848589538,0.9413116612955837,74,0.0
Global (Mixed),1598,0.8381354509714138,1.4126929376902497,65,0.0
Global (Mixed),1599,0.9062906311611025,1.0664258705712581,75,0.0
Global (Mixed),1600,0.8070192198516791,1.2958297144741393,56,0.0
Global (Mixed),1601,0.6073807166494201,1.146484482494012,68,0.0
Global (Mixed),1602,0.8434520211665658,1.0432016131171071,99,0.0
Global (Mixed),1603,0.7835843395639016,0.7393229397653756,74,0.0
Global (Mixed),1604,0.8329733153679562,1.6353498597139189,119,0.0
Global (Mixed),1605,0.7933744461105124,0.700610422045652,123,0.0
Global (Mixed),1606,0.8983906854890698,0.937385424615813,115,0.0
Global (Mixed),1607,0.8573315041031311,1.1816042045277715,94,0.0
Global (Mixed),1608,0.6784852998050498,0.969221320945216,96,0.0
Global (Mixed),1609,0.7965356934156614,1.4565181453242446,61,0.0
Global (Mixed),1610,0.6431336851677215,1.9383761147300802,93,0.0
Global (Mixed),1611,0.7487954683886197,1.6929396129421035,73,0.0
Global (Mixed),1612,0.8264770614441367,1.0448667031994436,94,0.0
Global (Mixed),1613,0.5769338275092086,1.2680339407759094,91,0.0
Global (Mixed),1614,0.794438046348563,0.9607946772393134,84,0.0
Global (Mixed),1615,0.7213604428067056,0.9587795428260755,67,0.0
Global (Mixed),1616,0.781426263404492,1.7307539835323922,76,0.0
Global (Mixed),1617,0.7873819003770768,1.115406085385554,76,0.0
Global (Mixed),1618,0.8893700234633238,1.3514497470495168,124,0.0
Global (Mixed),1619,0.8066033595466673,0.9546630841307862,56,0.0
Global (Mixed),1620,0.8045330718478795,1.9907664186013265,67,0.0
Global (Mixed),1621,0.8953590348661319,1.4337778239232728,61,0.0
Global (Mixed),1622,0.7974715433505456,2.148403013150002,97,0.0
Global (Mixed),1623,0.40217185500238695,1.4499194824699986,54,0.0
Global (Mixed),1624,0.7198105233530568,0.9532830812443327,56,0.0
Global (Mixed),1625,0.8483797226538113,1.2441425412777904,73,0.0
Global (Mixed),1626,0.7486515510135697,1.4828711033215156,162,0.0
Global (Mixed),1627,0.7814268798219045,1.4625906199012442,74,0.0
Global (Mixed),1628,0.8218989665790232,1.323913068912872,107,0.0
Global (Mixed),1629,0.8868534880050228,0.9290365462272014,63,0.0
Global (Mixed),1630,0.6747549944948679,1.4772282591505068,91,0.0
Global (Mixed),1631,0.8387318774613169,1.871722867345734,70,0.0
Global (Mixed),1632,0.7925974495200954,2.0371368846752063,69,0.0
Global (Mixed),1633,0.8852759607678412,1.3091202472755956,56,0.0
Global (Mixed),1634,0.8722287468122895,1.3467347991307181,52,0.0
Global (Mixed),1635,0.7769200349376101,1.4678682094953404,91,0.0
Global (Mixed),1636,0.9146447114550292,1.2733140395828413,98,0.0
Global (Mixed),1637,0.8435191864985492,0.35891237020266936,76,0.0
Global (Mixed),1638,0.7945349323461995,0.6723991042686104,114,0.0
Global (Mixed),1639,0.7755899838572016,1.5916678463387726,68,0.0
Global (Mixed),1640,0.782069532014321,1.0270289852647085,59,0.0
Global (Mixed),1641,0.8473621039773942,1.1884954662958698,66,0.0
Global (Mixed),1642,0.8268727620965184,1.753813998419741,61,0.0
Global (Mixed),1643,0.8001023541051628,2.21941596520039,157,0.0
Global (Mixed),1644,0.6820369109849138,1.161179287073167,78,0.0
Global (Mixed),1645,0.750738736138894,0.754200183334167,90,0.0
Global (Mixed),1646,0.7292705915037317,1.3325346294830147,92,0.0
Global (Mixed),1647,0.7564918126313579,1.556926727606762,77,0.0
Global (Mixed),1648,0.7124967994814212,1.1874730070551454,74,0.0
Global (Mixed),1649,0.7544005896906731,1.630166083440791,73,0.0
Global (Mixed),1650,0.7866562158934485,1.2153938883998192,85,0.0
Global (Mixed),1651,0.7975063212905672,1.534064249562064,103,0.0
Global (Mixed),1652,0.940009359109937,0.10958806311544639,58,0.0
Global (Mixed),1653,0.9280371882543864,1.2433830978650897,75,0.0
Global (Mixed),1654,0.31472233648324743,1.1888708994281123,82,0.0
Global (Mixed),1655,0.6512580376859134,1.0810002538465178,110,0.0
Global (Mixed),1656,0.656219857241579,1.0825004599791408,58,0.0
Global (Mixed),1657,0.8023335475416834,1.2306418750172727,93,0.0
Global (Mixed),1658,0.7365132851218679,1.1661664859732002,66,0.0
Global (Mixed),1659,0.8298633137326769,1.3777689834881228,105,0.0
Global (Mixed),1660,0.7500942993841696,0.4780998938472729,70,0.0
Global (Mixed),1661,0.9429624379699486,0.13867124897993457,97,0.0
Global (Mixed),1662,0.6339371035982543,1.2906780748412652,74,0.0
Global (Mixed),1663,0.8053790587874493,1.4360571617326723,108,0.0
Global (Mixed),1664,0.6707241562254026,0.6396373310478779,77,0.0
Global (Mixed),1665,0.8322650741321322,1.6241835763467838,123,0.0
Global (Mixed),1666,0.7902422960586828,0.6303132914387678,67,0.0
Global (Mixed),1667,0.6545746047738923,0.5346752792553465,50,0.0
Global (Mixed),1668,0.8170865421559363,0.3913871393880796,67,0.0
Global (Mixed),1669,0.6890953339282898,1.2557315897003474,74,0.0
Global (Mixed),1670,0.762186667891731,1.4395985402125069,63,0.0
Global (Mixed),1671,0.724499407641151,1.3861297230828937,135,0.0
Global (Mixed),1672,0.7037003829047108,1.1924077850750667,92,0.0
Global (Mixed),1673,0.8134460655428496,0.8878442190766036,132,0.0
Global (Mixed),1674,0.8031840313495401,1.2923728586180698,82,0.0
Global (Mixed),1675,0.9125603277137225,0.3256629892460194,56,0.0
Global (Mixed),1676,0.7759837892533716,0.8898907995519619,97,0.0
Global (Mixed),1677,0.8590735500796411,1.1773967707396709,75,0.0
Global (Mixed),1678,0.9139173320211105,1.03350661869034,51,0.0
Global (Mixed),1679,0.7446272305633541,0.8146771719261585,86,0.0
Global (Mixed),1680,0.830977270367631,1.0936563538386335,73,0.0
Global (Mixed),1681,0.6042943165563538,1.3012752981392353,105,0.0
Global (Mixed),1682,0.8230026620799599,1.0907524166940148,94,0.0
Global (Mixed),1683,0.7858109206098017,0.8685509182229884,53,0.0
Global (Mixed),1684,0.8196442475032187,1.658599552520257,84,0.0
Global (Mixed),1685,0.7944527484568202,1.1524464512646013,108,0.0
Global (Mixed),1686,0.8743585202718821,0.4557274158033799,64,0.0
Global (Mixed),1687,0.739887543659882,1.1509419743890816,56,0.0
Global (Mixed),1688,0.7892748685013361,1.1777107209756632,118,0.0
Global (Mixed),1689,0.8330477690165029,1.403062456395908,119,0.0
Global (Mixed),1690,0.7949431978176633,1.4190054667666099,77,0.0
Global (Mixed),1691,0.9472480064783039,0.1530754405661636,79,0.0
Global (Mixed),1692,0.7809508844865298,0.7617781518979112,80,0.0
Global (Mixed),1693,0.8028373066841941,1.516878751333924,138,0.0
Global (Mixed),1694,0.7534643022658257,0.4653901075851391,63,0.0
Global (Mixed),1695,0.6602911353515004,0.9986731101804601,67,0.0
Global (Mixed),1696,0.8883409765892998,0.909714467232567,98,0.0
Global (Mixed),1697,0.7951385479830224,1.7457671446473892,109,0.0
Global (Mixed),1698,0.7262081664697407,0.870795429311128,146,0.0
Global (Mixed),1699,0.7504174389362929,1.0021934095490228,57,0.0
Global (Mixed),1700,0.8668121647172851,0.8220792280781531,86,0.0
Global (Mixed),1701,0.8262264724233296,0.06539124344905145,53,0.0
Global (Mixed),1702,0.810729632939503,1.353344803158363,68,0.0
Global (Mixed),1703,0.8220705464918148,1.9057362283733368,128,0.0
Global (Mixed),1704,0.783807126329449,0.6835873546881792,68,0.0
Global (Mixed),1705,0.8423850375951862,1.6576258388789178,120,0.0
Global (Mixed),1706,0.7685181543060412,1.6449371161592263,106,0.0
Global (Mixed),1707,0.7986953136811228,1.2693096126541061,127,0.0
Global (Mixed),1708,0.8422182950531442,1.1587311758440801,76,0.0
Global (Mixed),1709,0.6655491840341576,1.2344978769472674,73,0.0
Global (Mixed),1710,0.7888215494025985,0.6954189430802782,90,0.0
Global (Mixed),1711,0.7838105314268013,1.4929025155340265,71,0.0
Global (Mixed),1712,0.825507570151863,1.3983559912501573,63,0.0
Global (Mixed),1713,0.9098405744699469,1.2933159013891522,89,0.0
Global (Mixed),1714,0.6542812022276171,1.3879594904753663,61,0.0
Global (Mixed),1715,0.884116635970302,0.6561011714797432,48,0.0
Global (Mixed),1716,0.8100475224168936,1.1622632084531266,72,0.0
Global (Mixed),1717,0.8461483738148111,1.0290421121329574,87,0.0
Global (Mixed),1718,0.7169307995082509,1.1715610773609453,71,0.0
Global (Mixed),1719,0.6894537871818788,0.9493121770111965,50,0.0
Global (Mixed),1720,0.7983410889695396,2.097097802610868,101,0.0
Global (Mixed),1721,0.8366580886923375,1.8356687090270758,70,0.0
Global (Mixed),1722,0.7097846332662602,1.2570911697705949,128,0.0
Global (Mixed),1723,0.7157959157559792,0.8855526007353403,91,0.0
Global (Mixed),1724,0.4952999081895632,1.3309862510292203,94,0.0
Global (Mixed),1725,0.7472726794382076,0.7959729323779818,69,0.0
Global (Mixed),1726,0.8671939508741181,1.0602951606688513,55,0.0
Global (Mixed),1727,0.8062663185857477,1.1659154424623843,65,0.0
Global (Mixed),1728,0.7417665152977834,1.1428180242469133,47,0.0
Global (Mixed),1729,0.8570504025585204,1.5715492757325373,72,0.0
Global (Mixed),1730,0.8019715733022836,0.8292769204469427,206,0.0
Global (Mixed),1731,0.8545860624804742,0.4106511778202161,92,0.0
Global (Mixed),1732,0.7820319300175251,2.091634985245624,50,0.0
Global (Mixed),1733,0.8662107948805734,1.631419323464866,94,0.0
Global (Mixed),1734,0.7728371521994388,0.7719071117360463,100,0.0
Global (Mixed),1735,0.7551518086831402,1.3275141466984606,71,0.0
Global (Mixed),1736,0.7659726759723179,1.4801116686890585,56,0.0
Global (Mixed),1737,0.7275021863536664,1.1236510420906651,56,0.0
Global (Mixed),1738,0.8596221131214044,1.3369772283000791,66,0.0
Global (Mixed),1739,0.8283033346674197,1.382763929990618,66,0.0
Global (Mixed),1740,0.788743236511577,1.4358440975232531,62,0.0
Global (Mixed),1741,0.7995813759808537,0.8071101305241508,78,0.0
Global (Mixed),1742,0.6691122271552613,1.2257417570535347,125,0.0
Global (Mixed),1743,0.6685179249811272,1.2581374278141328,80,0.0
Global (Mixed),1744,0.7796624962732199,1.0053182864803705,51,0.0
Global (Mixed),1745,0.7399183937422117,1.4370001006804523,78,0.0
Global (Mixed),1746,0.7096037993530669,1.0720140102445923,69,0.0
Global (Mixed),1747,0.8605699953405972,1.6257544389308303,60,0.0
Global (Mixed),1748,0.9048161418335813,1.2718405948652973,67,0.0
Global (Mixed),1749,0.6901803559044252,1.1813369493785428,97,0.0
Global (Mixed),1750,0.759935846986191,1.4562200780672236,86,0.0
Global (Mixed),1751,0.5041065420789219,1.095156508149947,82,0.0
Global (Mixed),1752,0.784865851389778,1.2412065276707978,71,0.0
Global (Mixed),1753,0.762857779580054,1.548936834479414,87,0.0
Global (Mixed),1754,0.7083880196820249,1.4825096190271974,113,0.0
Global (Mixed),1755,0.7416600173845287,1.255096799023651,108,0.0
Global (Mixed),1756,0.7869324910492915,0.4455743835418934,73,0.0
Global (Mixed),1757,0.8483051248801301,1.460326111891612,91,0.0
Global (Mixed),1758,0.7422391615546118,1.8477860910104174,82,0.0
Global (Mixed),1759,0.5685846009827817,1.580504193542854,87,0.0
Global (Mixed),1760,0.7001303451534864,0.9431082974315006,64,0.0
Global (Mixed),1761,0.8664275731640155,1.16601245442668,61,0.0
Global (Mixed),1762,0.7532954254191392,0.7674067351429288,75,0.0
Global (Mixed),1763,0.7775908572546635,0.9683069299460033,128,0.0
Global (Mixed),1764,0.8217027592967424,0.9355272025473089,69,0.0
Global (Mixed),1765,0.7648644946714381,0.526017973456428,55,0.0
Global (Mixed),1766,0.7375452335751109,1.1144127312966605,50,0.0
Global (Mixed),1767,0.6304904948368768,1.146975053153095,53,0.0
Global (Mixed),1768,0.7847072283108494,1.220399422971688,85,0.0
Global (Mixed),1769,0.8134854509624205,1.0362466086345932,55,0.0
Global (Mixed),1770,0.9303189751950642,1.3041850288023988,65,0.0
Global (Mixed),1771,0.7607211651148517,1.7611793873978454,62,0.0
Global (Mixed),1772,0.7327603606633476,1.1174064430393253,66,0.0
Global (Mixed),1773,0.698058812679566,1.1552984057977753,63,0.0
Global (Mixed),1774,0.715110073362272,1.094928595085539,62,0.0
Global (Mixed),1775,0.8270641708934422,1.5766480954264523,71,0.0
Global (Mixed),1776,0.7592699764509065,1.245721365033247,70,0.0
Global (Mixed),1777,0.8364788763692818,1.5029622940090563,125,0.0
Global (Mixed),1778,0.8350899730972818,1.2233610456241888,59,0.0
Global (Mixed),1779,0.7566305403143249,1.3814167479692876,107,0.0
Global (Mixed),1780,0.8602787680133337,1.400852132594779,111,0.0
Global (Mixed),1781,0.77312169573041,0.7558161478212984,82,0.0
Global (Mixed),1782,0.8515030250582349,1.0939104748325128,86,0.0
Global (Mixed),1783,0.8369413832691314,0.7711461559900308,51,0.0
Global (Mixed),1784,0.8709179662607195,1.3972020784358907,111,0.0
Global (Mixed),1785,0.8708172716263095,1.2792770409782492,114,0.0
Global (Mixed),1786,0.8328199534737877,1.1863432732598997,92,0.0
Global (Mixed),1787,0.7901619419531052,1.7105152154986687,137,0.0
Global (Mixed),1788,0.8572899010855376,1.2060306567880137,57,0.0
Global (Mixed),1789,0.791018541596117,1.3782698332308152,93,0.0
Global (Mixed),1790,0.8074592113884136,1.556836677088054,55,0.0
Global (Mixed),1791,0.7915984112344326,1.4465813614343515,115,0.0
Global (Mixed),1792,0.7555223606482236,1.2988142238418332,60,0.0
Global (Mixed),1793,0.7027026119750299,1.090490041712845,124,0.0
Global (Mixed),1794,0.7999443234601258,1.4133903419281946,71,0.0
Global (Mixed),1795,0.7708033446694842,1.2773824087696886,52,0.0
Global (Mixed),1796,0.7596028941805598,1.2483278673976197,75,0.0
Global (Mixed),1797,0.8656936463333018,1.41837791750572,73,0.0
Global (Mixed),1798,0.7433786453722527,0.9631346677006529,66,0.0
Global (Mixed),1799,0.7972923231118737,0.9558922415491738,84,0.0
Global (Mixed),1800,0.8409188716978219,1.2118808956550333,79,0.0
Global (Mixed),1801,0.7761066845965154,1.7057697068538256,190,0.0
Global (Mixed),1802,0.6767508527673516,1.5861239725601903,99,0.0
Global (Mixed),1803,0.8429254518069008,1.2231362170482192,112,0.0
Global (Mixed),1804,0.7921531584623426,1.4722974876922699,110,0.0
Global (Mixed),1805,0.8783352769695789,1.0578085473003418,60,0.0
Global (Mixed),1806,0.7423087434123793,1.5042448453519397,236,0.0
Global (Mixed),1807,0.688010700822465,1.1967090315062492,67,0.0
Global (Mixed),1808,0.7002481851512573,0.7491139766280926,50,0.0
Global (Mixed),1809,0.7472715549758417,1.097495957232941,67,0.0
Global (Mixed),1810,0.8686652770289804,1.3383772231717241,64,0.0
Global (Mixed),1811,0.8199551054145727,0.6513237696667505,72,0.0
Global (Mixed),1812,0.6949829482551451,1.2661340973134356,66,0.0
Global (Mixed),1813,0.7950564494355506,2.1229621914550862,127,0.0
Global (Mixed),1814,0.751248803022811,1.5299947617360605,79,0.0
Global (Mixed),1815,0.7120986373228307,0.200001260883452,448,0.0
Global (Mixed),1816,0.7005037050737253,1.4653833185080107,80,0.0
Global (Mixed),1817,0.760913244627797,0.6361399065991086,91,0.0
Global (Mixed),1818,0.7466262746264102,1.7347233739406986,91,0.0
Global (Mixed),1819,0.8569314005544343,1.7127274977016838,151,0.0
Global (Mixed),1820,0.809631946212143,1.8140848650463859,91,0.0
Global (Mixed),1821,0.6861794130530255,1.6060921513394941,100,0.0
Global (Mixed),1822,0.7531146328835159,0.9609531166577373,131,0.0
Global (Mixed),1823,0.8557255207708105,1.249616515373658,195,0.0
Global (Mixed),1824,0.8310288876835924,1.4112533597596892,117,0.0
Global (Mixed),1825,0.9494990901513859,1.6075080196019422,48,0.0
Global (Mixed),1826,0.8248925716792784,1.2483144962378339,75,0.0
Global (Mixed),1827,0.721054549935574,0.8343744792668029,84,0.0
Global (Mixed),1828,0.8719276362323627,1.0414758256535757,65,0.0
Global (Mixed),1829,0.72807605724606,1.400040064840577,62,0.0
Global (Mixed),1830,0.8347818960493546,1.0201247300355016,93,0.0
Global (Mixed),1831,0.7709732359642109,0.8114041658955937,96,0.0
Global (Mixed),1832,0.7870578711469683,0.9727374647945195,103,0.0
Global (Mixed),1833,0.7899885876842766,1.5430286418212198,90,0.0
Global (Mixed),1834,0.9203654683662555,1.2332436560275009,135,0.0
Global (Mixed),1835,0.8247837279512471,1.6646221711435838,150,0.0
Global (Mixed),1836,0.7839836709439297,1.6034279921995755,68,0.0
Global (Mixed),1837,0.8629704850583221,0.11680538039370172,130,0.0
Global (Mixed),1838,0.6969497104167254,1.0286297413010967,72,0.0
Global (Mixed),1839,0.7872102655345902,0.5215318414463727,74,0.0
Global (Mixed),1840,0.8386433439819323,0.6541460115431652,84,0.0
Global (Mixed),1841,0.7900524648013192,1.6367741534969176,118,0.0
Global (Mixed),1842,0.765565657995201,1.490309845513918,69,0.0
Global (Mixed),1843,0.849955799593051,1.3183353287616895,185,0.0
Global (Mixed),1844,0.7601710076057864,0.9125963104507435,49,0.0
Global (Mixed),1845,0.7630169497502505,1.4003777609467936,85,0.0
Global (Mixed),1846,0.7899200514560095,1.2528242258404554,111,0.0
Global (Mixed),1847,0.7914770813712707,1.6904318979942021,68,0.0
Global (Mixed),1848,0.7584492527675846,0.8840229890907618,86,0.0
Global (Mixed),1849,0.6946906755138476,1.005314046264814,108,0.0
Global (Mixed),1850,0.8558930565454654,1.3671476088063093,120,0.0
Global (Mixed),1851,0.8374898972876457,1.3582885408048393,46,0.0
Global (Mixed),1852,0.7252134956771275,1.2389504810406977,46,0.0
Global (Mixed),1853,0.9172496593856979,1.1392327572579186,178,0.0
Global (Mixed),1854,0.879753767545972,1.0679538202179322,59,0.0
Global (Mixed),1855,0.7498560903358196,1.230233863277192,108,0.0
Global (Mixed),1856,0.7981990887073982,1.8038332717950523,118,0.0
Global (Mixed),1857,0.6940538916618001,1.0200324350085184,49,0.0
Global (Mixed),1858,0.8226197163589183,1.5638902032437014,137,0.0
Global (Mixed),1859,0.5955799948045449,1.3947657748642939,75,0.0
Global (Mixed),1860,0.6548771816511301,0.7919146553582637,49,0.0
Global (Mixed),1861,0.7435617292461146,0.41182235005185114,302,0.0
Global (Mixed),1862,0.8619520779125813,2.0059911281932092,69,0.0
Global (Mixed),1863,0.8278366978820938,1.260334679857665,77,0.0
Global (Mixed),1864,0.8166822990125068,1.723871258421623,92,0.0
Global (Mixed),1865,0.5671415201613486,1.682934237378577,77,0.0
Global (Mixed),1866,0.741855142008473,1.394772512774737,72,0.0
Global (Mixed),1867,0.858293604638279,0.9897548101030788,78,0.0
Global (Mixed),1868,0.806083801983878,1.248726946312796,83,0.0
Global (Mixed),1869,0.744975552301149,0.7282637078240056,63,0.0
Global (Mixed),1870,0.8833086713743515,1.4287636243951392,143,0.0
Global (Mixed),1871,0.8057893898061752,0.4432454248268568,66,0.0
Global (Mixed),1872,0.8378278470724224,1.5021658544208176,166,0.0
Global (Mixed),1873,0.8697634128785356,1.177897589850527,82,0.0
Global (Mixed),1874,0.8508500874375913,0.9319520072633157,63,0.0
Global (Mixed),1875,0.8885367435269579,1.4275849249177524,100,0.0
Global (Mixed),1876,0.8142845538153239,1.5991546426233905,53,0.0
Global (Mixed),1877,0.7972346341967922,1.1681162757483963,193,0.0
Global (Mixed),1878,0.7234841892853596,0.8720005994880211,116,0.0
Global (Mixed),1879,0.9016663722254245,1.3360687547087013,46,0.0
Global (Mixed),1880,0.7891919081690283,1.8222403748786054,75,0.0
Global (Mixed),1881,0.8366530255618079,1.4211042827146854,48,0.0
Global (Mixed),1882,0.8182091294725733,2.1150937578416933,75,0.0
Global (Mixed),1883,0.42846104326216977,1.2585624297956395,72,0.0
Global (Mixed),1884,0.6614318565908799,0.6841229262167362,72,0.0
Global (Mixed),1885,0.7601340811372206,1.1188594904073799,63,0.0
Global (Mixed),1886,0.7518610131184735,1.389249321694826,106,0.0
Global (Mixed),1887,0.7709831842919559,1.1370853014971685,58,0.0
Global (Mixed),1888,0.7465792000057612,1.957102859105639,65,0.0
Global (Mixed),1889,0.7971685506740638,2.3115610683112324,49,0.0
Global (Mixed),1890,0.7838761016643013,2.030351027507825,119,0.0
Global (Mixed),1891,0.7483608034393799,2.114584582002992,51,0.0
Global (Mixed),1892,0.8087528409590306,0.7268817669456333,64,0.0
Global (Mixed),1893,0.7445011850555401,1.5251651878830879,57,0.0
Global (Mixed),1894,0.7154566861044047,1.58517068023251,59,0.0
Global (Mixed),1895,0.7922730351225586,1.0850215660076317,90,0.0
Global (Mixed),1896,0.933447214045104,1.2541944336884419,52,0.0
Global (Mixed),1897,0.8458647562547653,1.106880809629736,171,0.0
Global (Mixed),1898,0.8900852468837817,1.661175441820817,82,0.0
Global (Mixed),1899,0.690576117364666,1.5517965722508968,48,0.0
Global (Mixed),1900,0.8453412692589398,1.7260646850066563,66,0.0
Global (Mixed),1901,0.5909532643804237,1.5642269429551061,42,0.0
Global (Mixed),1902,0.7745356289099968,1.5653531834997465,87,0.0
Global (Mixed),1903,0.8105504984116709,1.7039763297073232,94,0.0
Global (Mixed),1904,0.7559290199871213,1.1610975899040052,54,0.0
Global (Mixed),1905,0.7309273220407607,1.4473606530206982,70,0.0
Global (Mixed),1906,0.8214540256441404,1.0531545244539626,50,0.0
Global (Mixed),1907,0.7195123216235493,1.0053655402076425,70,0.0
Global (Mixed),1908,0.8214458817913888,1.296534790997662,56,0.0
Global (Mixed),1909,0.6620963770571945,1.300246629460959,63,0.0
Global (Mixed),1910,0.8492758250825474,1.4970329048137354,77,0.0
Global (Mixed),1911,0.7581165982434376,1.5822597424204239,58,0.0
Global (Mixed),1912,0.7865501777995433,1.298342293473306,53,0.0
Global (Mixed),1913,0.6629934355758355,1.2174283209839287,55,0.0
Global (Mixed),1914,0.7490665875721424,1.5437224901287383,75,0.0
Global (Mixed),1915,0.7818123942363556,1.2149741615053635,91,0.0
Global (Mixed),1916,0.7720838208152754,1.6511955295184018,63,0.0
Global (Mixed),1917,0.7981377580155647,1.1587245635861585,84,0.0
Global (Mixed),1918,0.7510237112588352,0.9552849071449531,63,0.0
Global (Mixed),1919,0.8259078148116441,0.8646742909186227,60,0.0
Global (Mixed),1920,0.780184600787423,1.5854268520044703,69,0.0
Global (Mixed),1921,0.7792780154957586,0.6823137992546287,67,0.0
Global (Mixed),1922,0.7601543677792802,1.0696303417387851,180,0.0
Global (Mixed),1923,0.8239675908711454,1.4043034642074879,58,0.0
Global (Mixed),1924,0.7387592872598331,1.3930086670551605,69,0.0
Global (Mixed),1925,0.79979517726306,1.6159792418908836,92,0.0
Global (Mixed),1926,0.8033668169959628,1.5550720122903372,60,0.0
Global (Mixed),1927,0.8230833346759158,1.6231227054735986,56,0.0
Global (Mixed),1928,0.8139197239780036,1.6373711571577567,43,0.0
Global (Mixed),1929,0.7859102164397948,1.332437168233504,52,0.0
Global (Mixed),1930,0.4873103532467682,1.5681127359172475,68,0.0
Global (Mixed),1931,0.7590878610095336,1.6633770652861433,53,0.0
Global (Mixed),1932,0.7061981801128892,1.515305209272931,67,0.0
Global (Mixed),1933,0.7279202461923578,0.8470105609458325,92,0.0
Global (Mixed),1934,0.7060102643943872,1.0341113894844405,66,0.0
Global (Mixed),1935,0.8139840723868424,1.4345521477980077,81,0.0
Global (Mixed),1936,0.8728502883537308,1.280779850995699,59,0.0
Global (Mixed),1937,0.7632888223361597,1.4183964313662107,63,0.0
Global (Mixed),1938,0.9372414657510878,0.9088605429036967,42,0.0
Global (Mixed),1939,0.7238197784679452,1.8730310798293694,53,0.0
Global (Mixed),1940,0.7380487517348582,1.2871096744681196,87,0.0
Global (Mixed),1941,0.8312061569196267,1.3869985352210124,77,0.0
Global (Mixed),1942,0.7859412260364734,1.5086985709917686,94,0.0
Global (Mixed),1943,0.7347302186451093,1.7534923138461225,87,0.0
Global (Mixed),1944,0.7833831959115918,1.3376174194818007,67,0.0
Global (Mixed),1945,0.7647053258292268,1.1834827594415078,56,0.0
Global (Mixed),1946,0.8428044059007127,1.3498552572364098,52,0.0
Global (Mixed),1947,0.8562885624022717,1.3901743966742157,60,0.0
Global (Mixed),1948,0.7662268777390382,0.5681344041883953,92,0.0
Global (Mixed),1949,0.6164533209970309,1.2926858443613776,62,0.0
Global (Mixed),1950,0.8546488519890432,1.1528593533881797,44,0.0
Global (Mixed),1951,0.8618283212215584,1.1492186265660282,55,0.0
Global (Mixed),1952,0.8637560806214593,1.320310529661374,45,0.0
Global (Mixed),1953,0.7818028745931564,2.099297847024405,452,0.0
Global (Mixed),1954,0.7484293906525974,1.1684672442875716,52,0.0
Global (Mixed),1955,0.4861679094536738,1.3569482292114565,74,0.0
Global (Mixed),1956,0.7157730069322226,1.6001648683446,47,0.0
Global (Mixed),1957,0.7939279938145206,0.6201482374628078,53,0.0
Global (Mixed),1958,0.8796691991380019,0.9153677111029168,75,0.0
Global (Mixed),1959,0.7533105688260953,1.1378547548612774,69,0.0
Global (Mixed),1960,0.7586874703620782,1.323038997636256,60,0.0
Global (Mixed),1961,0.8428589697235903,1.1383273531769467,103,0.0
Global (Mixed),1962,0.831526464607908,1.2990782892254327,67,0.0
Global (Mixed),1963,0.7902417753544545,2.139739308565144,270,0.0
Global (Mixed),1964,0.3324586439786287,1.5583686472666327,55,0.0
Global (Mixed),1965,0.6365931434954682,0.9630827031350689,47,0.0
Global (Mixed),1966,0.7727227858096027,1.4759560048174396,68,0.0
Global (Mixed),1967,0.8360467771598081,0.8514609496020717,58,0.0
Global (Mixed),1968,0.7299851995415695,0.754014919875727,62,0.0
Global (Mixed),1969,0.7757441925971547,1.2518396867898143,87,0.0
Global (Mixed),1970,0.535237523462034,1.2296249147865352,52,0.0
Global (Mixed),1971,0.8688415937107136,1.141198626001882,48,0.0
Global (Mixed),1972,0.8381939147899431,1.687107737440329,66,0.0
Global (Mixed),1973,0.7911233469535013,1.3122143721215462,83,0.0
Global (Mixed),1974,0.7023131767342633,1.3512743215040548,67,0.0
Global (Mixed),1975,0.8008857729451638,1.482965213867192,55,0.0
Global (Mixed),1976,0.843975977788922,1.8117121868879924,81,0.0
Global (Mixed),1977,0.7855278274796019,1.0341511931327894,61,0.0
Global (Mixed),1978,0.7809212940623286,1.2516330915060827,48,0.0
Global (Mixed),1979,0.7605958078876699,1.4196485590258383,47,0.0
Global (Mixed),1980,0.8048711285261559,1.2619317071696319,49,0.0
Global (Mixed),1981,0.8742255010829699,1.5654093811555838,49,0.0
Global (Mixed),1982,0.7606325105494917,1.3764549278584828,67,0.0
Global (Mixed),1983,0.6417167157560351,1.4034755550866005,63,0.0
Global (Mixed),1984,0.6227122773773651,1.7425693917300926,50,0.0
Global (Mixed),1985,0.7520084536266259,1.2927871050886415,60,0.0
Global (Mixed),1986,0.7892278914236666,1.3800130679997644,70,0.0
Global (Mixed),1987,0.7831582039390885,1.139678085772183,70,0.0
Global (Mixed),1988,0.8686721251735721,0.9169169562017985,90,0.0
Global (Mixed),1989,0.7115528290519889,0.7079473226495472,118,0.0
Global (Mixed),1990,0.7955002995749926,1.1103763876728316,68,0.0
Global (Mixed),1991,0.8026332234327422,1.6909322050153899,50,0.0
Global (Mixed),1992,0.7390859563015811,0.20239098970850944,69,0.0
Global (Mixed),1993,0.7179172345425867,1.4932902981274576,48,0.0
Global (Mixed),1994,0.7258738175383155,0.8603639680169879,45,0.0
Global (Mixed),1995,0.7075612172186146,1.2371087790528783,70,0.0
Global (Mixed),1996,0.8772712555719978,1.175982182065124,109,0.0
Global (Mixed),1997,0.7656426872646711,0.7719300053091083,69,0.0
Global (Mixed),1998,0.7616088568857,1.7442553006698494,112,0.0
Global (Mixed),1999,0.7934099390956146,1.4101852972117008,99,0.0
Global (Mixed),2000,0.6914277347891595,0.9472192326658716,67,0.0
Global (Mixed),2001,0.8064553539353191,1.6899434394309325,45,0.0
Global (Mixed),2002,0.8401237939374285,1.3382579634551897,69,0.0
Global (Mixed),2003,0.7630035460968959,0.6554392143236663,58,0.0
Global (Mixed),2004,0.817537662602002,1.279597486168302,57,0.0
Global (Mixed),2005,0.9016742208944026,1.2397100826134597,63,0.0
Global (Mixed),2006,0.8301354215932879,1.8647252005380033,43,0.0
Global (Mixed),2007,0.9205008572641117,1.5495921542523907,81,0.0
Global (Strict),0,0.8063777995555861,1.8524091801912381,9162,0.0
Global (Strict),1,0.7974221432590232,1.2822560258340643,2946,0.0
Global (Strict),2,0.9171947058626289,1.0058463401000493,1802,0.0
Global (Strict),3,0.763338548998706,1.2436447182758146,1192,0.0
Global (Strict),4,0.7901115253267785,1.6268006005003233,1116,0.0
Global (Strict),5,0.8877490020145559,0.41237594357951585,892,0.0
Global (Strict),6,0.809217503657537,0.970160277634651,1185,0.0
Global (Strict),7,0.8414590211963289,1.165041637485314,1108,0.0
Global (Strict),8,0.8827836183100166,1.3957543780334463,1081,0.0
Global (Strict),9,0.9042781578870002,0.9810241244310344,1194,0.0
Global (Strict),10,0.8081817190854004,1.317070648140406,1697,0.0
Global (Strict),11,0.9418155203195155,0.18768872445445595,1198,0.0
Global (Strict),12,0.865330770974217,1.2421762744147207,1353,0.0
Global (Strict),13,0.8402673457330302,1.225261914772758,1162,0.0
Global (Strict),14,0.8671387800148139,1.2516057890988013,1280,0.0
Global (Strict),15,0.9140340353973526,0.8655917160361315,1308,0.0
Global (Strict),16,0.8959581759210369,0.9611030059884867,969,0.0
Global (Strict),17,0.8278002399367801,1.5849020477747766,1100,0.0
Global (Strict),18,0.8561679018021782,1.3517793782997625,872,0.0
Global (Strict),19,0.849315098933614,1.3583998672211928,1533,0.0
Global (Strict),20,0.7001414478429421,1.3993528409062086,718,0.0
Global (Strict),21,0.8195395087819176,1.673487181936761,744,0.0
Global (Strict),22,0.8546333352931148,1.1974000941301983,808,0.0
Global (Strict),23,0.9387485387811396,0.12957583068294115,902,0.0
Global (Strict),24,0.9436321457019513,0.8731969760258187,664,0.0
Global (Strict),25,0.9326453261100782,0.1960453607957578,1421,0.0
Global (Strict),26,0.8437760679343762,1.119597343487125,643,0.0
Global (Strict),27,0.8137387575005356,1.6437325035190904,609,0.0
Global (Strict),28,0.830589032989073,1.346996514624643,755,0.0
Global (Strict),29,0.7611235902630992,1.044472210851684,771,0.0
Global (Strict),30,0.8457918691479287,1.288484189754321,913,0.0
Global (Strict),31,0.7850029588990551,1.4308129413156334,575,0.0
Global (Strict),32,0.8089106497562485,1.445374787929253,458,0.0
Global (Strict),33,0.8598598096290425,0.5790330857531931,689,0.0
Global (Strict),34,0.9999999999998923,0.0,1697,0.0
Global (Strict),35,0.8495623805521036,1.5874822078804613,805,0.0
Global (Strict),36,0.8417587452620476,0.6895669195665808,670,0.0
Global (Strict),37,0.8568142677905127,0.5491437908800665,612,0.0
Global (Strict),38,0.927686543562466,0.27133445070769385,890,0.0
Global (Strict),39,0.8407734170986251,1.6318967924456271,529,0.0
Global (Strict),40,0.8121532172608444,1.7323533796302584,512,0.0
Global (Strict),41,0.8445141345455299,1.2060988538371644,582,0.0
Global (Strict),42,0.8419338120876079,1.364986319950866,508,0.0
Global (Strict),43,0.6760777542881479,1.3060571723356962,432,0.0
Global (Strict),44,0.9103973411493693,0.9565322833019465,780,0.0
Global (Strict),45,0.899895204918119,0.4943250263262682,373,0.0
Global (Strict),46,0.7951024798915248,1.0781557404228714,484,0.0
Global (Strict),47,0.873635867202449,0.43637312464968275,426,0.0
Global (Strict),48,0.7367304180894026,1.4565673697651158,357,0.0
Global (Strict),49,0.8699680579142809,1.107647972951837,728,0.0
Global (Strict),50,0.8568639357019313,0.9993078959428573,497,0.0
Global (Strict),51,0.8545624596703967,1.3283515991824453,527,0.0
Global (Strict),52,0.7459925465316545,1.7250055574588978,384,0.0
Global (Strict),53,0.8787811804961759,0.2782636788646793,419,0.0
Global (Strict),54,0.8149095724581482,0.9452496452787721,241,0.0
Global (Strict),55,0.8577906165132797,1.4688274770945355,1039,0.0
Global (Strict),56,0.9143040855845393,1.219154344396093,474,0.0
Global (Strict),57,0.6829762869746597,1.2243331779945708,354,0.0
Global (Strict),58,0.8809095899725735,1.0617762626126992,517,0.0
Global (Strict),59,0.8333597319481283,1.6434288436325832,582,0.0
Global (Strict),60,0.7749046381088369,0.7471413019681755,393,0.0
Global (Strict),61,0.8402444963234108,1.5405009990168954,515,0.0
Global (Strict),62,0.8430845387079353,1.5725785322705248,530,0.0
Global (Strict),63,0.8914416912633415,0.32531422963160617,415,0.0
Global (Strict),64,0.9999999999999181,0.0,1548,0.0
Global (Strict),65,0.8433551623342909,1.868422552545805,341,0.0
Global (Strict),66,0.8348759848821772,1.1909593730456838,319,0.0
Global (Strict),67,0.7995749226392128,1.2889654224996907,323,0.0
Global (Strict),68,0.8097925608018218,1.356129703813652,326,0.0
Global (Strict),69,0.8402855735034066,1.3656598811999716,508,0.0
Global (Strict),70,0.8866193146679939,0.6152826430826603,630,0.0
Global (Strict),71,0.8361515076989142,0.6239526482361809,326,0.0
Global (Strict),72,0.890738286919671,1.4478531148986413,390,0.0
Global (Strict),73,0.7681745354445066,1.45833218213372,319,0.0
Global (Strict),74,0.9345665474901858,0.25952506772966977,323,0.0
Global (Strict),75,0.7357224303357802,1.2255680600690977,324,0.0
Global (Strict),76,0.8067228204422431,1.7525144514476283,996,0.0
Global (Strict),77,0.8051878084473638,1.5040259376471703,292,0.0
Global (Strict),78,0.9072192802621917,0.43460096765712913,360,0.0
Global (Strict),79,0.7515247960771148,1.699027676107109,322,0.0
Global (Strict),80,0.6817073497459976,1.3772967452528848,390,0.0
Global (Strict),81,0.8479816670647948,0.9619124265503736,357,0.0
Global (Strict),82,0.8577909836751458,1.2888075707547657,270,0.0
Global (Strict),83,0.7602009924175653,1.6329674149411775,360,0.0
Global (Strict),84,0.7543461933863747,1.2044202154008092,293,0.0
Global (Strict),85,0.8345477118630765,0.4240087312367075,541,0.0
Global (Strict),86,0.8675411715443194,1.067304147329991,434,0.0
Global (Strict),87,0.756358295063999,0.9962323633239467,504,0.0
Global (Strict),88,0.883311681467661,1.0214227063157428,404,0.0
Global (Strict),89,0.8198804263659539,1.7363595595295818,297,0.0
Global (Strict),90,0.7216668200355917,1.2661521903320077,118,0.0
Global (Strict),91,0.8123831040139315,1.1991942770799786,441,0.0
Global (Strict),92,0.8051038128100333,1.473001888616135,241,0.0
Global (Strict),93,0.8414092268070027,1.4078563771977635,253,0.0
Global (Strict),94,0.8695826958546549,0.48235301587673335,408,0.0
Global (Strict),95,0.8118137941387376,1.283041116378571,320,0.0
Global (Strict),96,0.9438461586484663,0.8943541852356044,282,0.0
Global (Strict),97,0.7863709578748183,1.095300524250467,214,0.0
Global (Strict),98,0.9204072736082006,0.9098008466650606,232,0.0
Global (Strict),99,0.8347653011241563,0.9437886794826553,275,0.0
Global (Strict),100,0.8915013169681069,0.3563119403162846,346,0.0
Global (Strict),101,0.7489494857450023,1.1731619456824571,222,0.0
Global (Strict),102,0.7657646791720516,1.2197313126269178,322,0.0
Global (Strict),103,0.8405774883605093,0.9483453415990168,217,0.0
Global (Strict),104,0.8164456977853212,1.4924165617339886,241,0.0
Global (Strict),105,0.846993885474197,1.1679302808098562,343,0.0
Global (Strict),107,0.8231460811723371,1.146909116968943,244,0.0
Global (Strict),108,0.6799890657245515,1.5734995918970218,240,0.0
Global (Strict),109,0.8978321387792475,0.9858790731660532,501,0.0
Global (Strict),110,0.8568925465167063,1.7217102507136663,197,0.0
Global (Strict),111,0.7869904426326167,0.9960976861289983,595,0.0
Global (Strict),112,0.8317217076063605,1.0992666341213468,235,0.0
Global (Strict),113,0.8277461487711151,1.6248414782800542,259,0.0
Global (Strict),114,0.7489284450071733,1.0922064491220316,195,0.0
Global (Strict),115,0.8784765490174185,1.0050879829951844,139,0.0
Global (Strict),116,0.7808291567886825,0.905929217711458,216,0.0
Global (Strict),117,0.7371447797130535,0.5990490683189742,154,0.0
Global (Strict),118,0.7710778549907528,1.4874861766308802,233,0.0
Global (Strict),119,0.8346672159340074,1.5254146105898776,191,0.0
Global (Strict),120,0.562940987035729,0.9849075948191219,175,0.0
Global (Strict),121,0.7907008298303012,0.6099353812704145,303,0.0
Global (Strict),122,0.8456060953563738,1.2424412009738537,233,0.0
Global (Strict),123,0.8742432081267815,1.8109936814281202,135,0.0
Global (Strict),124,0.8178106251942462,1.4163387643653613,181,0.0
Global (Strict),125,0.7836321867988508,1.4156123096402542,220,0.0
Global (Strict),126,0.685918375557108,1.2312663736595733,187,0.0
Global (Strict),127,0.5633813051476397,1.1099354837330107,235,0.0
Global (Strict),128,0.7982565885205577,0.9042644030462289,177,0.0
Global (Strict),129,0.7281336978104169,1.1945010388847166,135,0.0
Global (Strict),130,0.7692109910471413,1.583180004143152,240,0.0
Global (Strict),131,0.8020398087073868,1.4834816245361964,197,0.0
Global (Strict),132,0.8777830767920839,0.929013205347167,274,0.0
Global (Strict),133,0.8948929533001085,0.9911370912058912,258,0.0
Global (Strict),134,0.7853403070873516,1.472734645571065,175,0.0
Global (Strict),135,0.834477352656067,0.4221145280758256,228,0.0
Global (Strict),136,0.8863312067864647,1.704569975142227,258,0.0
Global (Strict),137,0.8743793588479937,1.100644190492023,180,0.0
Global (Strict),138,0.782848724646125,1.4353064783754772,112,0.0
Global (Strict),139,0.6652853931380625,1.3342474734486678,214,0.0
Global (Strict),140,0.909582644642498,0.32122264691769337,176,0.0
Global (Strict),141,0.8347988523711642,1.2648417647296397,260,0.0
Global (Strict),142,0.7529654485190364,0.7060351342907902,199,0.0
Global (Strict),145,0.752921973938303,1.5721793411806257,37,0.0
Global (Strict),146,0.7627914922682442,1.6649308698374659,209,0.0
Global (Strict),147,0.8237544956343782,0.5338199808172144,188,0.0
Global (Strict),148,0.8320306101649924,0.5122979490540855,270,0.0
Global (Strict),150,0.9636995324457264,0.11708567239188264,148,0.0
Global (Strict),151,0.7637345259108614,0.5688920492208728,275,0.0
Global (Strict),152,0.7814629751461446,1.2287998538686962,219,0.0
Global (Strict),153,0.6371381132937732,1.127674084258561,136,0.0
Global (Strict),154,0.8018326902767479,1.5437064202256026,157,0.0
Global (Strict),155,0.758758253844422,0.9628923409168015,174,0.0
Global (Strict),156,0.8363407160846718,1.8527806083077822,215,0.0
Global (Strict),157,0.7215380541170859,1.1962328952389598,275,0.0
Global (Strict),158,0.7182699334326831,1.540184187921796,143,0.0
Global (Strict),159,0.8403924393056917,1.5496125982493323,148,0.0
Global (Strict),160,0.7449899090743595,0.9947758411926967,188,0.0
Global (Strict),161,0.76941007069068,0.9548022255406281,137,0.0
Global (Strict),162,0.7572074976179901,1.686616859340776,1612,0.0
Global (Strict),163,0.8198916703008194,1.2602846799034362,171,0.0
Global (Strict),164,0.6508460048272009,1.413703802360056,141,0.0
Global (Strict),165,0.7773128166580957,1.1025422821308961,189,0.0
Global (Strict),166,0.765129543037746,1.3567499469815718,138,0.0
Global (Strict),167,0.8110564801182382,0.9857197742840633,207,0.0
Global (Strict),168,0.7652845799293786,1.3667533643804817,131,0.0
Global (Strict),169,0.8046644928881281,1.5873064437149673,1321,0.0
Global (Strict),170,0.864261492514699,0.3760908848784709,182,0.0
Global (Strict),171,0.7909463068554682,0.432109325681223,123,0.0
Global (Strict),172,0.8694211354505491,1.4528489861795728,137,0.0
Global (Strict),173,0.7511900512458635,1.1659223520078934,177,0.0
Global (Strict),174,0.7112550486189133,1.0379835576310785,168,0.0
Global (Strict),175,0.793757573127748,2.168260865212187,392,0.0
Global (Strict),176,0.7201317024035871,1.172120712219358,134,0.0
Global (Strict),177,0.7715676961822228,1.10592771071582,102,0.0
Global (Strict),178,0.7928821744106173,1.1725255326186739,173,0.0
Global (Strict),179,0.8510563456346384,1.3874242150621465,182,0.0
Global (Strict),180,0.8017656563369311,1.6708025851525672,145,0.0
Global (Strict),181,0.8147331903418766,0.7740910613050562,130,0.0
Global (Strict),182,0.8210088305593559,1.2928096424075552,101,0.0
Global (Strict),183,0.7359734019938664,1.725696172027538,139,0.0
Global (Strict),184,0.8334809758645906,1.254110026753702,225,0.0
Global (Strict),185,0.843630329178701,0.921285882543073,270,0.0
Global (Strict),186,0.8340665811760015,1.3489545371202283,146,0.0
Global (Strict),187,0.8365272059001332,1.045281942564215,234,0.0
Global (Strict),188,0.706751582741972,1.2391217855567709,152,0.0
Global (Strict),189,0.7717954405364317,1.0719284587838265,248,0.0
Global (Strict),190,0.8536014033555922,1.7633651624123499,254,0.0
Global (Strict),191,0.8949392879755734,0.7870857411848738,154,0.0
Global (Strict),192,0.7770808699987374,1.054132939461414,204,0.0
Global (Strict),193,0.7771926254655237,1.4831232386566606,843,0.0
Global (Strict),194,0.8807550938499924,1.0176816081517233,495,0.0
Global (Strict),195,0.8508405729571212,0.9370864560651294,74,0.0
Global (Strict),196,0.7809058361470519,0.8391159828935606,224,0.0
Global (Strict),197,0.8026840514672612,1.5783234318938713,180,0.0
Global (Strict),198,0.8237696920415877,0.9770136359285246,42,0.0
Global (Strict),199,0.7683445793485172,0.8974584435959309,86,0.0
Global (Strict),200,0.7052584107146654,0.8379152984785176,146,0.0
Global (Strict),201,0.834360168890654,1.6268830663761487,166,0.0
Global (Strict),202,0.8789033873231683,0.6208130073906012,353,0.0
Global (Strict),203,0.8087566438126855,1.5340293330209605,125,0.0
Global (Strict),204,0.8064925670304345,1.1855268169236872,94,0.0
Global (Strict),205,0.8093507944244935,1.6576684098232846,774,0.0
Global (Strict),206,0.7312076541215389,1.4850195658176497,113,0.0
Global (Strict),207,0.8119450615233456,1.1905204684783393,147,0.0
Global (Strict),208,0.7145461590707376,0.995549583486486,17,0.0
Global (Strict),209,0.7698793421775473,1.423530715600493,125,0.0
Global (Strict),210,0.8691012716350044,1.2436262322286502,119,0.0
Global (Strict),211,0.9047470823855082,0.3014444316939403,136,0.0
Global (Strict),212,0.8104101483586595,1.5848060385169918,121,0.0
Global (Strict),213,0.7695254703805716,1.8770590506938483,633,0.0
Global (Strict),214,0.8368390236488834,1.413992659854863,126,0.0
Global (Strict),215,0.7682993520448418,1.3093020916736038,128,0.0
Global (Strict),216,0.6005898675601717,1.1403188972948197,117,0.0
Global (Strict),217,0.8088868505206764,1.5232448104700673,121,0.0
Global (Strict),218,0.792767369993999,1.7004406265408727,189,0.0
Global (Strict),219,0.7845311528620901,1.2676412590096788,133,0.0
Global (Strict),220,0.7530077661070874,1.6769607669734883,123,0.0
Global (Strict),221,0.8147286315508817,1.3995176843732307,175,0.0
Global (Strict),222,0.7799127059859805,0.947156739613377,95,0.0
Global (Strict),223,0.796803567540724,1.4845693048819124,121,0.0
Global (Strict),224,0.8984772036611736,0.47226255560383257,328,0.0
Global (Strict),225,0.7379937244786291,1.2314772291331457,96,0.0
Global (Strict),226,0.8168562528554515,1.4577907066748674,153,0.0
Global (Strict),227,0.7458150099294999,1.3083074014366114,117,0.0
Global (Strict),228,0.7722078486699875,1.3834934603598108,107,0.0
Global (Strict),229,0.6099827372643035,1.2676623688321869,86,0.0
Global (Strict),230,0.6089706254545706,0.9633830006687222,57,0.0
Global (Strict),231,0.7872121910661989,1.415135978646199,131,0.0
Global (Strict),232,0.787349525277346,1.0290352511768641,171,0.0
Global (Strict),233,0.8577614717258117,0.27452956908551573,121,0.0
Global (Strict),234,0.763962116904565,1.5737191977337355,143,0.0
Global (Strict),235,0.7265118855938416,1.154866385779877,316,0.0
Global (Strict),236,0.8152260085135749,1.1654294701401755,130,0.0
Global (Strict),237,0.8075644567585465,1.0392796327156921,148,0.0
Global (Strict),238,0.7434441824828353,1.1714109662316745,149,0.0
Global (Strict),239,0.5508379026450473,0.35311709226088284,9,0.0
Global (Strict),240,0.616740695106371,0.3123271084353745,513,0.0
Global (Strict),241,0.6997077187147844,1.232512250758787,17,0.0
Global (Strict),242,0.614204550126186,0.39300925287360816,20,0.0
Global (Strict),243,0.7435368790592319,1.3801088091445741,125,0.0
Global (Strict),244,0.9789455729365173,0.07728409105245576,275,0.0
Global (Strict),245,0.8769074531113605,1.6726541711240417,200,0.0
Global (Strict),246,0.7806845779232777,1.8526808770826624,254,0.0
Global (Strict),247,0.800754667944881,0.6787066000790158,52,0.0
Global (Strict),248,0.6671893774746209,1.4045447512337912,135,0.0
Global (Strict),249,0.7863097670930396,1.578125014212649,543,0.0
Global (Strict),250,0.8236113088934707,1.4214243801672597,225,0.0
Global (Strict),251,0.7495525758611797,0.4595454482989885,67,0.0
Global (Strict),252,0.6009707600950527,1.0338144247417176,95,0.0
Global (Strict),253,0.6668614682708979,1.1026361273792729,43,0.0
Global (Strict),254,0.7391611353772934,1.126851113089532,149,0.0
Global (Strict),255,0.8288291209119965,1.0040218957251705,140,0.0
Global (Strict),256,0.7320843031851723,0.9096596970287728,72,0.0
Global (Strict),257,0.7575451348909069,1.2588130577327459,122,0.0
Global (Strict),258,0.7713773081336611,0.9388908759289355,138,0.0
Global (Strict),259,0.6773690242688638,1.6420829940953228,69,0.0
Global (Strict),260,0.7834020497439217,1.2662432806818276,111,0.0
Global (Strict),261,0.7181949260236271,2.0625034872200443,46,0.0
Global (Strict),262,0.8470334119323882,0.4964949043941613,131,0.0
Global (Strict),263,0.7734333150270774,0.6953267580922379,126,0.0
Global (Strict),264,0.7511344733761821,1.6517076669204354,129,0.0
Global (Strict),265,0.8443046532918475,1.017826219235768,163,0.0
Global (Strict),266,0.7631299827554882,1.1021174470295838,123,0.0
Global (Strict),267,0.6062475934432111,1.0484221028491256,17,0.0
Global (Strict),268,0.776160135477268,0.9542097908531795,85,0.0
Global (Strict),269,0.7052067635077013,1.3415124583567561,117,0.0
Global (Strict),270,0.8584077005668667,0.5409815869686679,74,0.0
Global (Strict),271,0.7944608100480773,1.1538942215805443,110,0.0
Global (Strict),272,0.7364979273019412,0.88921678676526,222,0.0
Global (Strict),273,0.7922781891396724,1.764951634303386,165,0.0
Global (Strict),274,0.7298100031801709,0.9734519744947426,125,0.0
Global (Strict),275,0.7556348103321926,1.3690277239230464,99,0.0
Global (Strict),276,0.7779980086350833,1.8082876117785338,782,0.0
Global (Strict),277,0.8305671814565843,0.5788687486863185,159,0.0
Global (Strict),278,0.8887922083254239,0.3907622653530712,403,0.0
Global (Strict),279,0.8124511745313451,1.7004697632568757,138,0.0
Global (Strict),280,0.7903290037403111,1.2933563836683861,125,0.0
Global (Strict),281,0.6353655391510041,1.4524329249941914,112,0.0
Global (Strict),282,0.7997843846424366,0.964514130384432,89,0.0
Global (Strict),283,0.7584471734766592,1.5293365787805082,459,0.0
Global (Strict),284,0.7398724932820506,1.5755999043055413,89,0.0
Global (Strict),285,0.8519554211370083,1.2487128756355477,120,0.0
Global (Strict),286,0.7052716922638955,1.305134475257886,105,0.0
Global (Strict),287,0.8089408753278113,1.4586910719147639,128,0.0
Global (Strict),288,0.7464758168964464,1.1736654534302313,122,0.0
Global (Strict),289,0.8178108101100998,1.0064121345035362,161,0.0
Global (Strict),290,0.7959344831960659,1.0068130689583172,222,0.0
Global (Strict),291,0.7918199467512359,0.20668017369688277,84,0.0
Global (Strict),292,0.85356972368056,1.3408053050997448,107,0.0
Global (Strict),293,0.7216482094805063,1.103516893317649,109,0.0
Global (Strict),294,0.7708323009940686,0.8790394827914467,165,0.0
Global (Strict),295,0.774492050124561,1.5892555924916663,106,0.0
Global (Strict),296,0.7153942855880375,1.442637104588038,3,0.0
Global (Strict),297,0.6723374352004063,1.051263468887857,143,0.0
Global (Strict),298,0.8389712163702339,1.3492638994732031,105,0.0
Global (Strict),299,0.7312864461401669,0.5862654071886924,89,0.0
Global (Strict),300,0.7643192562482393,0.8718823723426872,54,0.0
Global (Strict),301,0.9001930097483773,1.1650290337566884,191,0.0
Global (Strict),302,0.8105392091535774,0.8377396675139569,133,0.0
Global (Strict),303,0.7936063770531978,1.5574979776125824,134,0.0
Global (Strict),304,0.7943617998159573,1.0265209612814483,143,0.0
Global (Strict),305,0.8349163688042226,1.353689522193995,109,0.0
Global (Strict),306,0.8237483034396443,1.4972893336122974,126,0.0
Global (Strict),307,0.6399569926623278,1.1917701863804795,8,0.0
Global (Strict),308,0.8137276064283773,1.554327118344438,154,0.0
Global (Strict),309,0.8002064020094539,1.5401526021275023,111,0.0
Global (Strict),311,0.6657282273851751,1.31849556628217,117,0.0
Global (Strict),312,0.8616349158673953,1.1092538335441138,102,0.0
Global (Strict),313,0.6529307449384293,1.128161827070115,121,0.0
Global (Strict),314,0.7234778120961484,0.8487707825482538,74,0.0
Global (Strict),315,0.7579885083682345,1.0854035783194254,119,0.0
Global (Strict),316,0.7333043505227724,1.0986122886681096,1,0.0
Global (Strict),317,0.7768694366282278,0.3521579876461094,72,0.0
Global (Strict),318,0.7957639446903296,1.5093080884627832,535,0.0
Global (Strict),319,0.8718320458533685,0.8451384515392487,175,0.0
Global (Strict),320,0.7121665721791821,1.2716959161045676,149,0.0
Global (Strict),321,0.773158988868779,1.3946804512588153,48,0.0
Global (Strict),322,0.7387881893370857,0.8511317000639986,84,0.0
Global (Strict),323,0.7278615763595475,0.702417519163705,146,0.0
Global (Strict),324,0.7760080173362061,1.0007613925875154,167,0.0
Global (Strict),325,0.7787452202306656,1.594834811665826,88,0.0
Global (Strict),326,0.6629021875408013,1.6073437237617358,26,0.0
Global (Strict),327,0.8241748432444085,0.7915197076044632,135,0.0
Global (Strict),328,0.8192722630418587,1.4859688688602548,94,0.0
Global (Strict),329,0.7589439980650997,0.4176512306081775,152,0.0
Global (Strict),330,0.7800206755329807,1.1244069673990449,89,0.0
Global (Strict),331,0.6893631272836289,0.8497880717263657,160,0.0
Global (Strict),332,0.8219455936267387,1.254215183251149,177,0.0
Global (Strict),333,0.8345872700323381,1.5260500476873067,125,0.0
Global (Strict),334,0.7940068288530742,0.6733502806749343,119,0.0
Global (Strict),335,0.7860294105662715,1.5640087681964272,112,0.0
Global (Strict),336,0.6871962635655663,1.3647815207407001,3,0.0
Global (Strict),337,0.7054584679552162,1.373265360835137,4,0.0
Global (Strict),338,0.8277257948947632,1.004896674396104,125,0.0
Global (Strict),339,0.7366864591691243,0.9634572526320548,3,0.0
Global (Strict),340,0.8846577988143899,1.7685987528739822,76,0.0
Global (Strict),341,0.8550450909445584,1.0924180463567008,90,0.0
Global (Strict),342,0.7658350258218487,1.014895170940775,140,0.0
Global (Strict),343,0.8104024051105031,1.2144352535270928,162,0.0
Global (Strict),344,0.8578194328187192,0.509728200668222,148,0.0
Global (Strict),345,0.6293766401594343,1.0817861407171976,7,0.0
Global (Strict),346,0.8382647455151696,1.1139169284088393,89,0.0
Global (Strict),347,0.7665184437013801,1.3441666649681643,100,0.0
Global (Strict),348,0.7084660293159284,0.6931471805599453,4,0.0
Global (Strict),349,0.8071287523702263,1.1036416823546078,108,0.0
Global (Strict),350,0.9086846290207317,0.6931471805599453,1,0.0
Global (Strict),351,0.6804187700245147,1.43529171443339,92,0.0
Global (Strict),352,0.8551127763193728,1.7408023008295697,76,0.0
Global (Strict),353,0.8457253263068644,1.4647555017257616,114,0.0
Global (Strict),354,0.8462121552588258,1.1840581764685687,134,0.0
Global (Strict),355,0.6972474078553914,1.5421245458859596,58,0.0
Global (Strict),356,0.7505052052401798,1.3804743946151967,14,0.0
Global (Strict),357,0.9180451971493117,0.8507575043054985,94,0.0
Global (Strict),358,0.8157108752351067,0.5485632273872828,112,0.0
Global (Strict),359,0.6709683921573405,1.3160920296343146,81,0.0
Global (Strict),360,0.8500663768148409,0.8860272005057277,49,0.0
Global (Strict),361,0.8135950352324893,1.2680341848719618,73,0.0
Global (Strict),362,0.9296256239745437,1.5149494349018442,98,0.0
Global (Strict),363,0.7852885527364544,1.1537627961509072,99,0.0
Global (Strict),364,0.8564750285839658,1.2817935813720112,172,0.0
Global (Strict),365,0.6422210908898549,1.1935634656287235,63,0.0
Global (Strict),366,0.80699461624466,1.6529462901238026,359,0.0
Global (Strict),367,0.8495863322514128,1.1318117443462863,103,0.0
Global (Strict),368,0.8636305954189635,1.4864207855655422,75,0.0
Global (Strict),369,0.6628254044694125,1.2597230064668659,52,0.0
Global (Strict),370,0.8295327566250885,1.2861350588468183,64,0.0
Global (Strict),371,0.8827874951711578,1.4541857468909916,197,0.0
Global (Strict),372,0.8349184919821108,1.540698601201582,115,0.0
Global (Strict),373,0.7791612000588957,1.1236264450340747,92,0.0
Global (Strict),374,0.8696591159873311,1.2628935275553865,90,0.0
Global (Strict),375,0.7444761728709004,1.2479287350817803,101,0.0
Global (Strict),376,0.6953805133351024,1.2669663384681573,52,0.0
Global (Strict),377,0.7630746127247469,1.5232395177804516,101,0.0
Global (Strict),378,0.8190733186000334,1.4843320259626354,103,0.0
Global (Strict),379,0.776781407444516,0.4741073307095521,116,0.0
Global (Strict),380,0.8010255694293911,0.918908369505785,150,0.0
Global (Strict),381,0.7756793539378969,1.8787067603005676,478,0.0
Global (Strict),382,0.771305061047816,1.1471605635874071,245,0.0
Global (Strict),383,0.884742306315389,0.4057802934599045,99,0.0
Global (Strict),384,0.7807405262384938,0.9111850521037603,89,0.0
Global (Strict),385,0.8604778234914051,1.4310398944510077,148,0.0
Global (Strict),386,0.5714810984075749,1.3566078677604871,97,0.0
Global (Strict),387,0.8406548688269163,1.183806756007427,101,0.0
Global (Strict),388,0.8450825492902528,1.7154984429785127,970,0.0
Global (Strict),389,0.6513700198286968,1.2042800662644424,110,0.0
Global (Strict),390,0.5813841013031671,1.4068690250284042,18,0.0
Global (Strict),391,0.6786148651542953,1.2389973682049373,112,0.0
Global (Strict),392,0.7457900080761646,1.120756431917284,67,0.0
Global (Strict),393,0.802429667654066,2.219197714027052,116,0.0
Global (Strict),394,0.8856052519411456,1.0163039792485884,126,0.0
Global (Strict),395,0.6951082575208022,1.8697417740819229,76,0.0
Global (Strict),396,0.7847713388235493,1.8310676092783276,96,0.0
Global (Strict),397,0.7667753800432798,1.0398441863615258,114,0.0
Global (Strict),398,0.870944875522023,1.142916359713899,90,0.0
Global (Strict),399,0.8926816676615971,0.34446669442631966,86,0.0
Global (Strict),400,0.7360579858763464,1.271070359718419,96,0.0
Global (Strict),401,0.705284794670648,1.3037239306843245,127,0.0
Global (Strict),402,0.665451700295833,1.088289696271834,98,0.0
Global (Strict),403,0.8626084519945786,0.8782782131507174,116,0.0
Global (Strict),404,0.7648081619353966,0.8883305429162898,90,0.0
Global (Strict),405,0.8317636439759692,1.427564522133783,95,0.0
Global (Strict),406,0.793955643175248,1.6454625245350074,99,0.0
Global (Strict),407,0.7291381763238053,0.8477868955164604,90,0.0
Global (Strict),408,0.7440196372779051,1.2556577846670571,80,0.0
Global (Strict),409,0.7231662030235164,1.7366751325163954,414,0.0
Global (Strict),410,0.8556266132533897,1.399167109192066,231,0.0
Global (Strict),411,0.7856811736995702,1.4609579900901413,151,0.0
Global (Strict),412,0.7840657421351565,0.9278505995780206,65,0.0
Global (Strict),413,0.8156876854312125,1.0007862997777148,109,0.0
Global (Strict),414,0.8445831994234412,1.06904792020994,64,0.0
Global (Strict),415,0.7432632793241608,1.2303929774485425,93,0.0
Global (Strict),416,0.6634462249242903,1.6286172633081681,77,0.0
Global (Strict),417,0.7269558474887251,1.0132912922502386,71,0.0
Global (Strict),418,0.8286433513571477,1.1277439373676077,95,0.0
Global (Strict),419,0.7411809736150309,1.48151068572122,15,0.0
Global (Strict),420,0.7695171392329306,1.2250125088103376,91,0.0
Global (Strict),421,0.8448922497040118,1.12563453572622,87,0.0
Global (Strict),422,0.7898977741035335,1.1048270518190808,89,0.0
Global (Strict),423,0.7877718213818516,1.4568579483882802,135,0.0
Global (Strict),424,0.8456429036357169,1.1575238063392665,177,0.0
Global (Strict),425,0.7986289662415177,1.4032431424601635,116,0.0
Global (Strict),426,0.8268819527133133,1.330790673321264,82,0.0
Global (Strict),427,0.727677458395301,0.8794064636450619,84,0.0
Global (Strict),428,0.8889914314230624,0.25513859597005795,78,0.0
Global (Strict),429,0.7454261493135433,1.3473273575342848,111,0.0
Global (Strict),430,0.78568795890394,1.0256480645420045,70,0.0
Global (Strict),431,0.7832177985401454,0.8896753233619304,35,0.0
Global (Strict),432,0.8815787127127961,0.9828872535937373,183,0.0
Global (Strict),433,0.6400156998110578,1.1613938206601275,71,0.0
Global (Strict),434,0.8154649704621741,1.2323221020831476,93,0.0
Global (Strict),435,0.8458704399467245,0.8177006117078877,89,0.0
Global (Strict),436,0.7842255319214207,1.8694817696812205,220,0.0
Global (Strict),437,0.784792352001067,1.4048053795951467,739,0.0
Global (Strict),438,0.7388845885350888,0.5352713404850046,147,0.0
Global (Strict),439,0.8482902144078948,0.19559740043923662,166,0.0
Global (Strict),440,0.8493074525977208,1.6177971719262916,115,0.0
Global (Strict),441,0.7903326825472712,1.3657930523023176,118,0.0
Global (Strict),442,0.8510294402121042,1.3384892424920227,133,0.0
Global (Strict),443,0.807473328203886,1.3591129155553496,211,0.0
Global (Strict),444,0.8031777325134415,1.5536889751672094,102,0.0
Global (Strict),445,0.9353044287007052,0.8712048103954362,71,0.0
Global (Strict),446,0.7819995786110955,1.2792714710422721,102,0.0
Global (Strict),447,0.7799017524652787,1.2879602603420908,155,0.0
Global (Strict),448,0.7756674623530208,1.310681137596954,91,0.0
Global (Strict),449,0.7898797976486709,1.4467117494849833,86,0.0
Global (Strict),450,0.7912925856895668,1.505380501342657,102,0.0
Global (Strict),451,0.7849849293193188,0.6931471805599453,1,0.0
Global (Strict),452,0.8839723560188976,1.1441185856062284,170,0.0
Global (Strict),453,0.7489530924440715,1.3667577598812357,88,0.0
Global (Strict),454,0.8033535401018116,1.4605334476700247,91,0.0
Global (Strict),455,0.8458191549993358,1.3496285729677713,165,0.0
Global (Strict),456,0.792755494850644,1.156368731464944,71,0.0
Global (Strict),457,0.7939951749930233,1.4483486024063787,79,0.0
Global (Strict),458,0.8909270067323309,0.96772353771198,163,0.0
Global (Strict),459,0.7082093940782009,1.2032629265121098,83,0.0
Global (Strict),460,0.8421683884792707,1.2374670761376323,69,0.0
Global (Strict),461,0.8313089764956487,0.9732749938691495,91,0.0
Global (Strict),462,0.8664958039558268,1.7380485081313182,74,0.0
Global (Strict),463,0.7766476923506278,0.9975526220402768,90,0.0
Global (Strict),464,0.8323948410392589,0.8938568314568652,105,0.0
Global (Strict),465,0.7816492871909796,1.5121919502788261,95,0.0
Global (Strict),466,0.69800312418607,1.1265148211517695,99,0.0
Global (Strict),467,0.7597219962861942,1.3841380326944417,110,0.0
Global (Strict),468,0.907392947215806,1.8771080300232783,64,0.0
Global (Strict),470,0.8462333873162345,0.5756937224678333,111,0.0
Global (Strict),471,0.7427732544128882,1.3127447484964638,131,0.0
Global (Strict),472,0.8500892524088671,1.1676340149508226,106,0.0
Global (Strict),473,0.7597134948518712,1.7232428115855318,257,0.0
Global (Strict),474,0.7657224323719094,2.0681102083698315,64,0.0
Global (Strict),475,0.7575439556129714,1.0809522899904158,103,0.0
Global (Strict),476,0.8976499823504913,0.6931471805599453,1,0.0
Global (Strict),477,0.8028546012191528,1.2694209989652123,96,0.0
Global (Strict),478,0.8260989666392401,1.6814021768171956,132,0.0
Global (Strict),479,0.8193205978986373,3.4963809061383273,100,0.0
Global (Strict),480,0.7963464279338047,1.8916763173691424,65,0.0
Global (Strict),481,0.7468868597620278,1.6067787145806316,74,0.0
Global (Strict),482,0.7861902915070136,1.0842749841554982,64,0.0
Global (Strict),483,0.7292522713762826,1.7451400222034537,87,0.0
Global (Strict),484,0.7151751103503942,1.092473135747691,98,0.0
Global (Strict),485,0.751350810849528,0.6931471805599453,3,0.0
Global (Strict),486,0.8062703577000581,1.029126132208373,72,0.0
Global (Strict),487,0.7591195197512352,1.2326133127752026,134,0.0
Global (Strict),488,0.6684544653429552,1.3036552756350863,64,0.0
Global (Strict),489,0.8561419044031203,1.603076374909642,115,0.0
Global (Strict),490,0.9098669378089037,0.9051004543860812,62,0.0
Global (Strict),491,0.7881480481242162,1.1380679199789596,148,0.0
Global (Strict),492,0.610210419785598,0.33139384071078903,32,0.0
Global (Strict),493,0.8157354372801581,1.2717568294437958,96,0.0
Global (Strict),494,0.7954325836607335,1.0246948529627236,84,0.0
Global (Strict),495,0.8126545593669651,1.191807024060758,62,0.0
Global (Strict),496,0.8422767991247807,0.9082807374298401,39,0.0
Global (Strict),497,0.7630142998756667,1.4930730282735678,124,0.0
Global (Strict),498,0.6643021321006528,0.9248653998782258,62,0.0
Global (Strict),499,0.851061715829319,0.9211385378629832,130,0.0
Global (Strict),500,0.8440306554353627,1.2066116706047145,125,0.0
Global (Strict),501,0.7507111779587281,1.3790554493972609,64,0.0
Global (Strict),502,0.7435438992576933,1.0404009004778438,153,0.0
Global (Strict),503,0.6654824072668715,1.1149479666435658,70,0.0
Global (Strict),504,0.8705686588903918,1.004063661680274,84,0.0
Global (Strict),505,0.8104263856226901,1.473483910462681,78,0.0
Global (Strict),506,0.7716487137938195,1.1813350871783705,65,0.0
Global (Strict),507,0.9660420912809017,0.7454056146041039,86,0.0
Global (Strict),508,0.6613753954843796,0.9977721433619383,83,0.0
Global (Strict),509,0.809959764902864,0.8523324216754039,101,0.0
Global (Strict),510,0.8061999254147081,1.5998171834223749,190,0.0
Global (Strict),511,0.7899738042219159,1.2305816659755613,99,0.0
Global (Strict),512,0.8221409525037747,1.55081205339586,283,0.0
Global (Strict),513,0.7651929057802348,1.7525010740683686,370,0.0
Global (Strict),514,0.7974745495212454,1.1182303412324779,135,0.0
Global (Strict),515,0.7449461876233838,1.2379642531254693,83,0.0
Global (Strict),516,0.8043479191306957,1.3285241061206088,95,0.0
Global (Strict),517,0.8605417470196494,1.7613060679277186,65,0.0
Global (Strict),518,0.818368038386448,1.6110097262194765,77,0.0
Global (Strict),519,0.834933965393961,0.9318591362304894,77,0.0
Global (Strict),520,0.7782391905952527,0.8669642382021087,131,0.0
Global (Strict),521,0.7666123066230943,1.7665750992309686,252,0.0
Global (Strict),522,0.8176820274204352,0.8114078370914931,24,0.0
Global (Strict),523,0.7008179545544049,0.8035035223511046,32,0.0
Global (Strict),524,0.6934359112746835,0.8835112667776378,78,0.0
Global (Strict),525,0.6565509895814083,1.1925735455667401,95,0.0
Global (Strict),526,0.8350397010199184,1.1038553868623273,76,0.0
Global (Strict),527,0.7448950288044591,0.6931471805599453,4,0.0
Global (Strict),528,0.6420727221788237,3.044665989108114,180,0.0
Global (Strict),529,0.8302465938380716,1.009330078005741,135,0.0
Global (Strict),530,0.8017184712656301,0.6931471805599453,1,0.0
Global (Strict),531,0.5874318905544609,1.098102930251405,44,0.0
Global (Strict),532,0.7669116311433004,0.6931471805599453,2,0.0
Global (Strict),533,0.7839388105801809,1.6291022514165725,97,0.0
Global (Strict),534,0.7902808677347707,1.8730678138542955,63,0.0
Global (Strict),535,0.8358411996595079,0.7140403954032027,67,0.0
Global (Strict),536,0.8280180818881271,1.4447222004395288,81,0.0
Global (Strict),537,0.7681626867034803,1.387363143445271,71,0.0
Global (Strict),538,0.6087981535100556,0.7738758254747946,52,0.0
Global (Strict),539,0.774794588705169,1.400662443172388,81,0.0
Global (Strict),540,0.7660927176296957,0.5784777805929057,84,0.0
Global (Strict),541,0.8406660511749708,0.3763872011702788,68,0.0
Global (Strict),542,0.6814747146137213,1.3995924215227558,70,0.0
Global (Strict),543,0.821281616331641,1.4541245288539109,65,0.0
Global (Strict),544,0.7695274028393903,1.4098110171209561,939,0.0
Global (Strict),545,0.7961902967027171,1.4281538506973315,89,0.0
Global (Strict),546,0.7903326491604354,1.1983960036813646,57,0.0
Global (Strict),547,0.7447076762177361,1.3093367784075638,119,0.0
Global (Strict),548,0.7681383321875803,1.8687299210120991,477,0.0
Global (Strict),549,0.8606695132383888,1.4043336124133796,122,0.0
Global (Strict),550,0.681094686936158,0.7945134575869863,4,0.0
Global (Strict),551,0.8040573862730148,1.5101913141379808,155,0.0
Global (Strict),552,0.8212882834666121,0.8633002654097043,155,0.0
Global (Strict),553,0.8043800865816788,0.7438303190734659,24,0.0
Global (Strict),554,0.7861441238077355,0.9359174274993551,97,0.0
Global (Strict),555,0.850520072612243,1.13571541687274,117,0.0
Global (Strict),556,0.8934310802621458,0.6931471805599453,1,0.0
Global (Strict),557,0.8766180018168975,1.0869696161734594,70,0.0
Global (Strict),558,0.6422849022439945,0.9265646343411011,71,0.0
Global (Strict),559,0.7976838864436324,1.1556395044909606,71,0.0
Global (Strict),560,0.7622954920663757,0.7857589734350374,93,0.0
Global (Strict),561,0.8412511593495058,1.752637388172475,208,0.0
Global (Strict),562,0.7629325736915137,1.4535232750850182,59,0.0
Global (Strict),563,0.7525416789865367,1.8936782950391995,381,0.0
Global (Strict),564,0.7275698930422685,1.4850539769008884,62,0.0
Global (Strict),565,0.8610263750700733,1.574028659947396,193,0.0
Global (Strict),566,0.7651790988218223,0.9939942103976785,45,0.0
Global (Strict),567,0.8452527253464179,1.0960909789791384,65,0.0
Global (Strict),568,0.8017474385522719,1.2437625820065388,336,0.0
Global (Strict),569,0.8804506251322264,0.9957880966755959,165,0.0
Global (Strict),570,0.8540344786031089,1.364849375130112,77,0.0
Global (Strict),571,0.8032265176466771,1.4614683392164691,93,0.0
Global (Strict),572,0.8412237320224971,1.3435787424454,96,0.0
Global (Strict),573,0.7761687883260484,0.7665979859441826,76,0.0
Global (Strict),574,0.790694625335724,1.3088043027113143,78,0.0
Global (Strict),575,0.718637966020141,1.0041587163335621,95,0.0
Global (Strict),576,0.75173498056304,1.3785152794318047,65,0.0
Global (Strict),577,0.7058778568738389,0.9800460643338267,64,0.0
Global (Strict),578,0.7886923179589409,0.9872711895164273,110,0.0
Global (Strict),579,0.9930507056888783,0.03954136122107635,171,0.0
Global (Strict),580,0.8466090670531424,1.2716483494873558,59,0.0
Global (Strict),581,0.8286208125691993,1.4094045630405099,49,0.0
Global (Strict),582,0.7297670751127767,0.6110118167334803,100,0.0
Global (Strict),583,0.8818245346204585,0.9241962407465937,3,0.0
Global (Strict),584,0.7968707160332918,0.6244400246754684,73,0.0
Global (Strict),585,0.7792349212094237,1.62826071722197,76,0.0
Global (Strict),586,0.8290986349475251,1.6945828041287399,154,0.0
Global (Strict),587,0.769960563874616,1.7042223261936504,464,0.0
Global (Strict),588,0.849929084205054,1.1163985545159258,231,0.0
Global (Strict),589,0.936881010348078,0.6931471805599453,1,0.0
Global (Strict),590,0.8499723567296434,1.3143942745675095,116,0.0
Global (Strict),591,0.8876844314194595,1.4572232897545916,157,0.0
Global (Strict),592,0.8866749390703339,1.1629222707316467,84,0.0
Global (Strict),593,0.9194618088042356,1.2474248929597145,62,0.0
Global (Strict),594,0.8301135832164043,1.1579795754073194,82,0.0
Global (Strict),595,0.669823004531702,0.8916645048216434,188,0.0
Global (Strict),596,0.6357799262816194,0.947941804459516,55,0.0
Global (Strict),597,0.7530317922357325,1.1560722151087017,130,0.0
Global (Strict),598,0.8097863581105716,1.35840683281765,57,0.0
Global (Strict),599,0.8388961434987313,1.0083452623409273,112,0.0
Global (Strict),600,0.8547922762105511,1.375803918104452,83,0.0
Global (Strict),601,0.831389540776979,1.0049198908565475,132,0.0
Global (Strict),602,0.8435204277791221,1.2251058063416307,126,0.0
Global (Strict),603,0.7229675569966236,1.2026134924130114,68,0.0
Global (Strict),604,0.7092736293209864,1.4391400421185914,59,0.0
Global (Strict),605,0.8043195762320547,0.9636328050329253,77,0.0
Global (Strict),606,0.7656340146910424,1.1788216619036715,77,0.0
Global (Strict),607,0.7623599205866087,0.8687333260030612,81,0.0
Global (Strict),608,0.7912916402578921,1.1974993916868328,98,0.0
Global (Strict),610,0.7726067467047242,1.4803636596166148,83,0.0
Global (Strict),611,0.7190790527754689,1.5424426317231261,94,0.0
Global (Strict),612,0.7597195745141597,0.5321643055653548,66,0.0
Global (Strict),613,0.7733993979496259,0.748643980457903,86,0.0
Global (Strict),615,0.9013687164087809,0.0,1,0.0
Global (Strict),616,0.7082274822244056,1.0412910075174895,56,0.0
Global (Strict),617,0.7436244040982397,1.0986122886681096,3,0.0
Global (Strict),618,0.8404805315109555,1.4687537406739335,67,0.0
Global (Strict),619,0.7588850555396314,1.4725623401666565,59,0.0
Global (Strict),620,0.7966067152819157,1.1360370962034654,131,0.0
Global (Strict),621,0.7702397557339903,0.8673538376500691,93,0.0
Global (Strict),622,0.865601739634285,1.1738527675586719,100,0.0
Global (Strict),623,0.849577371600687,0.9433875517519668,54,0.0
Global (Strict),624,0.721099107528227,1.2443756339362588,92,0.0
Global (Strict),625,0.630265918006966,1.9216106309877845,5,0.0
Global (Strict),626,0.8976549819882575,0.9532010471556754,66,0.0
Global (Strict),627,0.6406759844789814,0.9044683351736909,80,0.0
Global (Strict),628,0.7864020904249857,0.9337923865447888,74,0.0
Global (Strict),629,0.6483021450290437,1.2826941401361545,88,0.0
Global (Strict),630,0.7442223959760801,1.0439322745518744,56,0.0
Global (Strict),631,0.7421775698448757,1.3085214140721237,62,0.0
Global (Strict),632,0.8654083388732332,1.1943853081354898,57,0.0
Global (Strict),633,0.7980620102225149,1.1040526558323853,73,0.0
Global (Strict),634,0.7329353469285511,1.3412690330341193,76,0.0
Global (Strict),635,0.8238842062420343,1.4016542157051826,110,0.0
Global (Strict),636,0.8121257191971796,1.3129943205698278,81,0.0
Global (Strict),637,0.7617198127148672,1.0096231243335247,97,0.0
Global (Strict),638,0.802998325986349,1.055460174911478,121,0.0
Global (Strict),639,0.8471563018419497,0.5578798441683243,58,0.0
Global (Strict),640,0.8425367686924609,1.3455161289760158,159,0.0
Global (Strict),641,0.7259943988743595,1.6484991075653321,62,0.0
Global (Strict),642,0.7594212285011641,1.5198595788092852,53,0.0
Global (Strict),643,0.8202394452598263,0.9843340816881861,66,0.0
Global (Strict),644,0.807362597672303,1.0343677993350349,59,0.0
Global (Strict),645,0.8006546898691643,1.6545458661557997,104,0.0
Global (Strict),646,0.7999233091135554,0.6672814714570062,74,0.0
Global (Strict),647,0.9338443392752629,0.29289377408686973,215,0.0
Global (Strict),648,0.773478530067594,1.078165983089768,93,0.0
Global (Strict),649,0.789605781082002,0.9602276925490758,52,0.0
Global (Strict),650,0.8539066136448807,1.557368522269213,58,0.0
Global (Strict),651,0.6426400667884846,0.9629920414721295,65,0.0
Global (Strict),652,0.7648389241575753,1.6060475936569862,34,0.0
Global (Strict),654,0.8181386020280351,1.3092875694690786,70,0.0
Global (Strict),655,0.8447148914338792,1.2325833659414813,44,0.0
Global (Strict),656,0.8124275786383541,1.257852564276812,64,0.0
Global (Strict),657,0.7730734039981007,0.4704078273861655,52,0.0
Global (Strict),658,0.7270425513978237,1.2176051440161433,73,0.0
Global (Strict),659,0.7578287069859888,1.1705328067810548,8,0.0
Global (Strict),660,0.8938833205345735,0.9296839389535767,84,0.0
Global (Strict),661,0.7248130749279375,0.7602070935780327,24,0.0
Global (Strict),662,0.7158929316995276,1.6704515816472594,91,0.0
